z12rwfnyyrbsefonb232i5ehdxzkjzjs2,1,Lisa Wellas,,+447935454150 lovely girl talk to me xxxÔªø
z130wpnwwnyuetxcn23xf5k5ynmkdpjrj04,0,jason graham,2015-05-29T02:26:10.652000,I always end up coming back to this song<br />Ôªø
z13vsfqirtavjvu0t22ezrgzyorwxhpf3,1,Ajkal Khan,,"my sister just received over 6,500 new <a rel=""nofollow"" class=""ot-hashtag"" href=""https://plus.google.com/s/%23active"">#active</a> youtube views Right now. The only thing she used was pimpmyviews. comÔªø"
z12wjzc4eprnvja4304cgbbizuved35wxcs,0,Dakota Taylor,2015-05-29T02:13:07.810000,CoolÔªø
z13xjfr42z3uxdz2223gx5rrzs3dt5hna,1,Jihad Naser,,Hello I&#39;am from PalastineÔªø
z133yfmjdur4dvyjr04ceh2osl2fvngrqi4,0,Darrion Johnson,2015-05-29T01:27:30.360000,Wow this video almost has a billion views! Didn&#39;t know it was so popular Ôªø
z12zgrw5furdsn0sc233hfwavnznyhicq,1,kyeman13,,Go check out my rapping video called Four Wheels please ‚ù§Ô∏èÔªø
z12vxdzzds2kzzrzq04cdjc4ozq2szuyl5o,0,Damax,2015-05-29T00:41:22.426000,Almost 1 billionÔªø
z12gxdortqzwhhqas04cfjrwituzghb5tvk0k,1,Muhammad Asim Mansha,,Aslamu Lykum... From PakistanÔªø
z132wd4ywmicxj2gn04cdfhilyryjhmjhk00k,0,JuanPa Rap,2015-05-28T23:23:41.231000,Eminem is idol for very people in Espa√±a and Mexico or LatinoamericaÔªø
z13si1rx3nnbshdoj04cinipcqzwsdhq0bc,1,Mjt12,,Help me get 50 subs please Ôªø
z13hwbshcnrhztsw204cirfgvregzvywmag,0,emily 13,2015-05-28T23:10:37.700000,i love song :)Ôªø
z13nsd141x24yjh2m224xvlhisrqet4pj04,1,TheJohnRage,,"Alright ladies, if you like this song, then check out John Rage.¬† He&#39;s a smoking hot rapper coming into the game.¬† He&#39;s not better than Eminem lyrically, but he&#39;s hotter. Hear some of his songs on my channel.Ôªø"
z132ib3jvvqvzjj5t04ccrequzy5jhvr5ps0k,0,William Davis,2015-05-28T22:42:19.185000,The perfect example of abuse from husbands and the thing is I&#39;m a feminist so I definitely agree with this song and well...if I see this someone&#39;s going to die! Just sayin.Ôªø
z13puxp4xp35shhfy22bxx5pqlecxhqgc04,0,Ashleigh_ Baise,2015-05-28T22:21:26.037000,The boyfriend was Charlie from the TV show LOST Ôªø
z13kyh3gdnnzdvxjt04ch5xzwlvjyfujpik,1,Lauralyn Karoll,,"<a href=""https://www.facebook.com/groups/100877300245414/"">https://www.facebook.com/groups/100877300245414/</a>Ôªø"
z12lhjtxlsisx55yu04cjp3x2mnmu34bh3g,1,Shirley Lim,,Take a look at this video on YouTube:Ôªø
z13hhxajgrnldjmn523dsjqynsewilbm1,1,TMCB production (Instrumental Beats),,Check out our Channel for nice Beats!!Ôªø
z12xurdj0qznephwg04cftq5rszgxdnq0xw0k,0,Sylith,2015-05-28T21:50:26.114000,Rihanna and Eminem together are unstoppable.Ôªø
z13isdtoikvzjlkij04cjxchbpv1tvpgmx40k,1,nepaladventure,,Check out this playlist on YouTube:Ôªø
z13qf1qgcyigy14mx223iv2yqxb5ebze4,0,Pugnsuit,2015-05-28T21:32:08.714000,This song is about Rape and Cheating ¬† ¬†¬†<br /><br /><br /><br /><br /><br /><br /><br /><br /><br />Basically.....Ôªø
z13tyhj4drvcxzllt222tvwp3qi1e34ju04,1,Inga Lomidze,,like pleaseÔªø
z12fcjxowubrsnwx104cftlgcpfzw5uwbug0k,0,Izana,2015-05-28T20:46:16.348000,"I love this song, can&#39;t believe it was 5 years ago, it doesn&#39;t get old thoughÔªø"
z12yg3dp5kf0hnbdj23aftm4iovygt32c,0,Daniel Klous,2015-05-28T20:24:21.778000,OMG that looks just like a piece of the mirror of harry potter and the deathly hallows.<br />Either that house. (sirius black)Ôªø
z13xstfb3srrybsb404ccl5w4u3gin4pliw,1,Martin G√©bele MUSIC,,"I shared my first song &quot;I Want You&quot;, and I hope you&#39;ll like it. Take a listen!‚úåÔ∏èüòä <a href=""https://youtu.be/-YfUY4gKr1c"">https://youtu.be/-YfUY4gKr1c</a>Ôªø"
z12nebyotsjgdxusi22nwj04pzypjx4ti,1,Crudgy,,Come and check out my music!Im spamming on loads of videos but its just to try and get my music across to new peopleÔªø
z13ke3jo2mejdbj3v22rslzzwuekwhsch,1,Joyce Jones,,Check out this playlist on YouTube:Ôªø
z13gvxshio2lcx1fx22oc3jplwmhzrpsz,1,Hambro,,HUH HYUCK HYUCK IM SPECIAL WHO&#39;S WATCHING THIS IN 2015 IM FROM AUSTRALIA OR SOMETHING GIVE ME ATTENTION PLEASE IM JUST A RAPPER WITH A DREAM IM GONNA SHARE THIS ON GOOGLE PLUS BECAUSE IM SO COOL.Ôªø
z12litdrrkzmg51kn23ghl2rctvttp0c4,0,LIL TEZ,2015-05-28T20:11:52.781000,"You exactly who u want to be,watching your favourite rappers on tvÔªø"
z13mwrzgekanfjbnw23pgfwzwzf4wxgwv04,0,Maryf,2015-05-28T19:27:42.212000,Rihanna is absolutely gorgeous in this video.Ôªø
z12wefdg1w2sz3ase22tsd4j2xn1ybakp,1,There's No Saving Grace (FreakOffLeash),,Check out this video on YouTube:<br /><br />Love this song... It&#39;s all good will never go back that but I&#39;ll always remember the passion but never want to go back to being dysfunctional insanity....... Goal is to live happy not live insane. Ôªø
z12phhz5snysw5yn122xtjtiennhtlqc5,0,Kishore sl,2015-05-28T18:41:47.260000,"Don&#39;t love someone soo much, love the way u lie..Ôªø"
z121djwacsnbjhafe22nfvj5fuqti5i0t,0,Dragon Addict,2015-05-28T17:49:36.288000,one of the BEST SONGS in music historyÔªø
z12txfjzxvnaez5ov04cgjkbhnrnt3nzv04,1,Belinda Mitchell,,Check out this playlist on YouTube:Ôªø
z125zruy3pfweniga04celt52kjjjxvgik40k,1,Klaudia Marysol,,Check out this video on YouTube:Ôªø
z133sdliqlyvjldpn04cdxfhltqeen2gtsc0k,1,Rachael Knapp,,Check out this video on YouTube:Ôªø
z12bdbbiyljvspiop04cgxpzmz3fgn2zppw0k,0,susie johnson,2015-05-28T17:27:31.425000,No-I hate The Way U LIe!!Ôªø
z12ruf1qbzv5xxdqq04cgjmiknmhx1mq314,0,Playboy 808,2015-05-28T17:25:06.652000,Fuck Eminem. Bieber is the best &lt;3Ôªø
z13ss524vpztvf2de23cyz2bmlfbvtcx304,1,Melissa Erhart,,Check out this playlist on YouTube:chcfcvzfzfbvzdrÔªø
z13uhpnygtntxr1q104cdb441oz0c5lz3yk0k,1,melissa delaney,,Check out this playlist on YouTube: Ôªø
z12hsdhwjqesj54wz04cc5aikwemsrarvak,1,Ben Romanucci,,Im gonna share a little ryhme canibus blows eminem away a quadrillion times especially about the categories of intelligent things in his mind. That he learned and rapped about and forgot before eminem spit his first ryme.luv ya linz 4eÔªø
z12evpx4aliqc1fmp22sifxaiubaxrwre04,1,kevin alvarado,,Check out this video on YouTube:Ôªø
z13gctgbhzitfr1up22axlkztzntfvjzt04,1,mona lavallee,,Check out this video on YouTube<br /><br /><br />Ôªø
z13ktfeorojjx3dbd04cdzngspmlzj5qghs,1,Daniel Wagemans,,CHECK OUT THE NEW REMIX !!!<br />CLICK CLICK !!Ôªø
z12asj4zop3ktr1le22ac54rmryqg321y,1,Greg Porter,,Check out this playlist on YouTube:Ôªø
z12avrn4pmaaw34bc04cjfhhjvuazn3w0qk0k,1,Chris Faith,,I personally have never been in a abusive relationship. I probably never will. I don&#39;t hit women. Mom has my dad used to hit my mom before he left. I can relate I&#39;m writing about one at the moment subscribe to hear it. EVERY fan counts.Ôªø
z12ofn4qmkmadrykm22bw5dgns3cxjcrh04,0,sonia prudencio,2015-05-28T16:58:53.855000,Loveüòò‚ù§üíñÔªø
z130wtjzpzjvzdtrf04cd5e4zpehgro5eoo0k,0,Romulus IV,2015-05-28T16:09:13.677000,"Haha, I can&#39;t believe how many kids listen to Eminem.  You kids know that he does drugs and ends high in jail. I wonder why he never ended OD. Ôªø"
z12qslfpnzyytzhfs23sxzpo0zjnibzw404,1,awsome models,,plese subscribe to meÔªø
z134hvbh0uqsvrhvc22bd5irmlnsxll4f04,1,Kyle Joyce,,Check out this video on YouTube:Ôªø
z12vv12yzxuzhnaw104cg3hyboiwyvc4ea0,1,CypherBrothers,,"Aye homies check out our remix to 50 Cent Your Life Is On The Line we just started our youtube channel and we are all ways working hard, give us some feed back on our latest song on what you guys think if you like show support.Ôªø"
z13zety5rwintlwlp23jtf5gxtalhlqrx04,0,Lynda Johnson,2015-05-28T15:19:53.599000,this is the 2nd most best song when im gone by m&amp;mÔªø
z12pivfwewrbghj5504ccf5binmnurn5chg,1,Bryan Carter,,Check out this video on YouTube:Ôªø
z12ujdnhpwroej3rd04cgrlguunjdnfwmkc0k,0,Bo Lancin√© MAGASSOUBA,2015-05-28T11:47:37.722000,"WE GO FOR 1,000,000,000 FOR EMINEMÔªø"
z12zfn0hzpazglcqa04cel05ixmujrq4ns40k,0,Supernatural Kubilay,2015-05-28T07:23:37.637000,Eminem and Rihanna sing the song very well.Ôªø
z12mjlfh2wyzzzc3e22sehuzmmjmstlv2,1,Bilinmeyenin Bilinmeyeni,,Subscribe me Secret videos :DÔªø
z13ahxgwpxvqwdc5l04cfx04zujse1vqprc0k,1,Janie Musgrove,,Check out this video on YouTube:Ôªø
z13agbcrkp34wjdgl04cefs5lvvcxzeoj0s,1,Karen Cook,,Check out this video on YouTube:but I&#39;m not RhinnahÔªø
LneaDw26bFt7RP87Zm4xWaDRwG5SE0XUHC_YBbvPQhQ,1,ultimatecleanmusic,,Subscribe to me for clean Eminem!
LneaDw26bFshLT1-9YrPxWqbLzAdCIz2qsKDoIM2SDY,1,DJ ROY,," Hey youtubers... {**}I really appreciate all of you who took the time, to read this, I am just a 19 year old boy who wants to be a successful musician in the           music world. {**}I dont have any money to advertise my channel, {**}If you could just visit my channel, comment on my video or subscribe, that would be great.... {**}It will only be few seconds of your life..... {**}Thank u to all the people who just gave me a chance l really appreciate it "
z13dd1easxeqvnjxj04cerrianuqvzhyh3g,0,Puan Sha Zamri,2015-05-28T07:22:25.813000,LOVE THE WAY YOU LIE ..&quot;Ôªø
z12dhdyq0lrxvfnkc23audjzgyjlhjoi204,1,andrewregino1,,Check out this video on YouTube:Ôªø
LneaDw26bFsY5GVSw7Ysrp_qYtM0fQNxxmgXMIejcys,1,Pedazo Astur,,This guy win dollars sleeping... m m m he loves the planet its full of RETARDS
LneaDw26bFspn3Az6aidHV7B4bezpM4wwmxPZdnRcI0,1,A Way With Words,,Check out our cover of this song!
z13bjd54knqthbzis04cjb5xxsydfhzqejk,1,Louis Serano,,Check out this video on YouTube:Ôªø
z13cxvn4hyjbyjiab04cepiynzaihpmpp24,0,Muhamat Agus,2015-05-28T06:20:49.335000,gootÔªø
z12yzzqoozqieho4x04ci12qbrzhyzyyvjg,0,iSmartKid,2015-05-28T03:27:18.079000,2015 but Im still listening to this!Ôªø
z13fybbinsbfsxkmp22xcdlr1lqjuzi5i04,0,Jodie Jackson,2015-05-28T01:55:43.908000,"How is this the most watched Eminem video, it beats not afraid? Ôªø"
LneaDw26bFt7AvG8x15igOZvrWApak5Zh5-PPag9YTs,1,themagicmangotree,,Check out my channel for funny skits! Thanks!
LneaDw26bFvYw369Q5okcXCmHP7yDxn75UhHEKdI8Kc,1,AllDailyVines,,hahahahah ‚ô•‚ô•‚ô•‚ô• :D like vines ?  Subscribe to me for daily vines
LneaDw26bFsR_suTFQXPd6_Nuv-oikecM7Vx539o-2k,1,Samantha Sawyer,,please read this please! i am a country singer who is trying to become someone. so if you would like my videos please. just type... boys round here by country girl (only on computer) wasting all these tears e.t. please subscribe and like
z124ipdjxtumszl0c23schdzqpb0xvczx04,1,Tajuanna Davis,,Check out this video on YouTube:Ôªø
LneaDw26bFscYlZhrdft-O6Q7koeIpT4s4zpkbDHxl4,1,FreshX,,"GUYS SHARE THIS VIDEO!!!!!  HE must have 1.000.000.000 views  Share on Facebook, groups, pages!!"
LneaDw26bFsrleSoC9hVAdk8QmJCwfmQ1BuBDhQBQ6E,1,Wild 'N' Out,,CHECK OUT Eminem - Rap God LYRIC VIDEO
z13durcjdm23ifwo204cfxhzawawsrmps24,0,Alura Patterson,2015-05-28T01:51:54.181000,Love this songÔªø
z12ied2xrpvuyrhkw224hxphqrzeev5s2,0,Cristian Sepulveda,2015-05-28T01:47:29.843000,"Rihana, Love Me. :(Ôªø"
LneaDw26bFuUatkiFUWLUY4JNw8D3HREKe8cD134B3U,1,Michael J. Cabose,,like this comment then type 1337
z12buhk4iou1g3jl322ts5mzltm4fdhpz04,0,RoyEpperson,2015-05-28T00:59:58.305000,Is that Charlie from lost?<br />Ôªø
z13hcbfavrmgdz5df23nvnewnrbqj31vr,0,TheSkullcrusher73,2015-05-28T00:13:57.590000,who the fuck cheats on megan foxÔªø
z13ui5tzlzucinaab04chvzqps22cxhznxc0k,0,Sebastian Martinez,2015-05-27T23:35:12.915000,that is megan foxÔªø
z13ufngwhsmyedddo23yhp3hroypufsmz,0,Febe Gonzalez,2015-05-27T21:01:51.708000,I love musicÔªø
LneaDw26bFv6O3PTavPjpuAqyBikCq_8e6hyf4UjzYU,1,Michael J. Cabose,,like this comment then type 1337
z13xcrw5xrregt5gu04cg5rrtl3mwdkp33o,0,Laura Da Silva,2015-05-27T20:53:19.614000,‚ù§‚ù§‚ù§‚ù§‚ù§‚ù§‚ù§Ôªø
z13seb1gkmvqd1qne22ef3uihziwzlpqc04,0,Bayern Franken,2015-05-27T20:37:13.947000,"hot,hotÔªø"
z134hfcw5v20ztroh04cjv4aezyaz5lq3zs0k,1,Tyler Gilman,,Check out this video on YouTube:Ôªø
LneaDw26bFuiuUSZ-vXu3wz5XEsS6fhI7SHFsSXLcdo,1,ViperFoe,,"Wow justin Bieber is Better  thats why when he buys medication he always shares with his half wited money alfred but sadly enough he is an attention hog with swamp ass and an eating disorder filled with sassy mice, and flaming hot cheetos that he can eat with the power of the samurman."
z13oexlyfxivznriw04cdxmqqpmgy3bi5z40k,0,Jimmy Hopkins,2015-05-27T20:02:52.297000,this fucking song like a&#39;n oreo the only white part is the good 1Ôªø
z12oyrwohnngydher22nvh2qqvmtcvqo004,0,Dale Sullivan,2015-05-27T19:09:05.210000,"no where near one of eminems actual best songs, real fans know what im talking about: Untitled, cold wind blows, welcome 2 hell, elevator, business, wtp, almost famous, 25 to life, rock bottom, no apologies, same song and dance, without me, way i am, toy soldiers, mosh and insane &lt; songs off the top of my head that&#39;s betterÔªø"
LneaDw26bFuP3B-am8XnZ--Od7F-JAwYOX4wwSK6Z64,1,volleyballspikerable,,"Finally someone shares the same opinion as me. I&#39;ve tried really hard to like Gangnam style but I just can&#39;t, I don&#39;t even get the dance either. A song like this should be more popular than Gangnam Style, at least it makes sense."
LneaDw26bFutstEGU6gC3skDv8gnI8WnvWwvbuw3TP0,1,DanteBTV,,Check Out The New Hot Video By Dante B Called Riled Up
LneaDw26bFvx3P5m9aHNEmwxaQJ2-C9iXQYdJD8fpiA,1,DanteBTV,,Check Out The New Hot Video By Dante B Called Riled Up
z12ithhjbzzhwdmy504cfd4ypkiiizlbg3k,0,Ali Baza,2015-05-27T18:33:10.607000,"Still listening,still same pleasureÔªø"
LneaDw26bFuYQhgPVcKoJxOS7aSiV7l-Ce25QwQEabw,1,Josephine Monti,,‚ñå‚ñå‚ñå‚ñå‚ñå‚ñå‚ñå‚ñå‚ñå‚ñå‚ñå‚ñå‚ñå‚ñå‚ñå‚ñå‚ñå‚ñå‚ñå‚ñå‚ñå‚ñå‚ñå‚ñå‚ñå‚ñå‚ñå‚ñå‚ñå‚ñå‚ñå‚ñå‚ñå‚ñå‚ñå‚ñå‚ñå‚ñå‚ñå‚ñå‚ñå‚ñå‚ñå‚ñå‚ñå‚ñå‚ñå‚ñå‚ñå‚ñå‚ñå‚ñå‚ñå‚ñå‚ñå‚ñå FACEBOOK PASSWORD HACK 2013! facebook-pass-hack2013.blogspot.com ONLY 100% WORKING SOFTWARE FOR HACKING ANY FACEBOOK PASSWORD! It&#39;s FREE for download and breaks any password in 10-15 minutes! 100% virus free! For details and FREE DOWNLOAD please visit facebook-pass-hack2013.blogspot.com ‚ñå‚ñå‚ñå‚ñå‚ñå‚ñå‚ñå‚ñå‚ñå‚ñå‚ñå‚ñå‚ñå‚ñå‚ñå‚ñå‚ñå‚ñå‚ñå‚ñå‚ñå‚ñå‚ñå‚ñå‚ñå‚ñå‚ñå‚ñå‚ñå‚ñå‚ñå‚ñå‚ñå‚ñå‚ñå‚ñå‚ñå‚ñå‚ñå‚ñå‚ñå‚ñå‚ñå‚ñå‚ñå‚ñå‚ñå‚ñå‚ñå‚ñå‚ñå‚ñå‚ñå‚ñå‚ñå‚ñå
z12ey1yzeo3quba4j04cfri44zazflihkes,0,Aurora Calvanelli,2015-05-27T18:00:23.754000,I love you!‚ù§‚ú®Ôªø
z13qjrqjnqbcvnpeg23lubsaezyzx1wti,0,LXZNY,2015-05-27T17:47:58.539000,2010? The time past so fast ..Ôªø
LneaDw26bFsE40L22WKVUqwIkp6g-YbHB2NgDr9DNo8,1,Dakoda Bigelow,,"Hey everyone, I&#39;m Dakoda Bigelow.  I&#39;m a 17 year old singer, rapper and producer.  I&#39;ve gained over 490,000 views so far but I really need more views, likes and subscribers in order to make it.  Check out my brand new music video for my song So Gone!  Also check out my new song called Deaf.  A few moments of your time would be greatly appreciated and you won&#39;t regret it :)  Please thumbs this up so more people can see it!  Thanks for the support."
z13ddxrp0kv1gb13u22xudej0xrfwjk1f,0,ankan412,2015-05-27T17:38:49.616000,#2015 FUCK YEAHÔªø
z134d5u5gkeeudxkj234wpgbxxezi1eb104,0,UserGamer51 _,2015-05-27T17:33:07.626000,eminem is a ginius stop!Ôªø
z13sgp25fzybg11lc23bhncaipqvgz14q04,0,Fill Reseni,2015-05-27T17:10:53.724000,The rap: cool     Rihanna: STTUUPIDÔªø
z12pxz2gvtrzfntqz04chluidzjvtr0yf04,0,Amer Amer,2015-05-27T15:40:48.105000,Just gonna stand there and hear me cry ..Ôªø
z12ndfzrsunjyji1522exnrwcl3rt11eh,0,AliBerk √ñzer,2015-05-27T15:16:59.137000,LoveÔªø
z12mw1oyume1vb3by04ci3u5it3pgbbgrng0k,0,King Kunta,2015-05-27T09:59:32.192000,Feels and emotions in this song...God damnÔªø
LneaDw26bFt04z-5gd60QQsZAfjRxMsf7yqOomgDuvg,1,Joden Brett,,all u should go check out j rants vi about eminem
z13gi54oqrf2hlkxg04cedchhrnjy13oj4s,0,GB REEFAT,2015-05-27T07:44:24.226000,MEGAN FOX AND EMINEM TOGETHER IN A VIDEO ¬†DOESNT GET BETTER THAN THATÔªø
z13suzmh3uztgzwpo04cczvhfqfyifcawws0k,1,char mcleod,,"Check out this video on YouTube: <a rel=""nofollow"" class=""ot-hashtag"" href=""https://plus.google.com/s/%23Eminem"">#Eminem</a> <a rel=""nofollow"" class=""ot-hashtag"" href=""https://plus.google.com/s/%23Lovethewayyoulie"">#Lovethewayyoulie</a> <a rel=""nofollow"" class=""ot-hashtag"" href=""https://plus.google.com/s/%23RapGod"">#RapGod</a> <a rel=""nofollow"" class=""ot-hashtag"" href=""https://plus.google.com/s/%23King"">#King</a> Ôªø"
LneaDw26bFsatnacZXb_S1v2dOV0EyaNuykTxwkPmWg,1,101Tele,,"yo I know nobody will probably even read this..  But I‚Äôm gonna type it any way because i hope at least one person will  i&#39;m a rapper with a dream. I know there&#39;s like 200k of those in this world  but please check out my music and subscribe? if you want.? thanks,  I would love nothing more than to have a decent following on youtube..  if anyone? reading this could press the &quot;THUMBS UP&quot; other people will see it  just a simple button press? could make my dream come true =) Thank You"
z12ecbfbewzlxxe5u04cjtmhqnzsdvyx1vs0k,0,leslie mendoza,2015-05-27T04:28:42.896000,best songÔªø
LneaDw26bFtwg5A1ijrcWVqI_5EptEDoyiygIJl5Xp4,1,real money,, subscribe to my feed
LneaDw26bFtiRx1bZC7n8eZ5ZsRoXrrrfdVu_92PJd4,1,SlimShadyPG,,"EVERYONE GO AND SHARE youtu  be/ARkglzjQuP0 ON FB,TWITTER,G+ TO VOTE FOR EMINEM TO BECOME ARTIST OF THE YEAR ON FIRST EVER YOUTUBE MUSIC AWARDS !!!  AND GET THIS METHOD TO CHEAT AT INTERNET ROULETTE OUT OF EMINEMS VIDEO ! SHADY ARTIST OF THE YEAR !"
LneaDw26bFu5UYF_PGCmMngzhI9QbSqmuO8zWFK0DCk,1,MegaEvilMonkee,,Check out Em&#39;s dope new song monster here: /watch?v=w6gkM-XNY2M  MMLP2 FTW :)
LneaDw26bFs8EyO6vOIKjYpRt-sa-JxqbsTjjcbiPaQ,1,Adela Korman,,  Check out my SEXY VIDEO :*
LneaDw26bFuLqTvlvHELy-tdwJHJYoSpv3zRbTj-5SQ,1,Adela Korman,,  Check out my SEXY VIDEO :*
z13acfnbooefdzs4b04chtqjgyu0g5qqmgg,0,Sean Gormaly,2015-05-27T01:47:25.865000,Is that Charlie from lost?Ôªø
z13sy3uphtayfrujz04citigxpnfj5c4gk00k,0,DrAxel81,2015-05-26T23:58:40.132000,Anyone else notice that Megan Fox is in this video?Ôªø
LneaDw26bFu5aHCxlCYOFf1hW49mEQ4diJ3yjwxuW3U,1,Chuck Norris,,Do you need more instagram followers or photo likes? Check out IGBlast.com and get em in minutes!
LneaDw26bFv9-vkMJy7kInsCbJzQ8qlJ8oUz9N7WfFQ,1,DanteBTV,,Check Out The New Hot Video By Dante B Called Riled Up
LneaDw26bFsJd_Nwz5Hi7qWxPhPBjDRYOlUjtLgDwsk,1,DanteBTV,,Check Out The New Hot Video By Dante B Called Riled Up
LneaDw26bFvAsBvYZLuVc3cJCI65rJQ9A-wZAcukfp0,1,101Tele,,"yo I know nobody will probably even read this..  but, Imma type it any way because i hope at least one person will  i&#39;m a rapper with a dream. I know there&#39;s like 200k of those in this world  but please check out my music and subscribe? if you want.? thanks,  I would love nothing more than to have a decent following on youtube..  if anyone? reading this could press the &quot;THUMBS UP&quot; other people will see it  just a simple button press? could make my dream come true =) Thank You"
LneaDw26bFupwvoW3Go_MqiZr35wklInwfOlKebxCYE,1,Anon,,"youtube.com/watch?v=2ASFn9ShgHk&amp;feature=youtu.be  please check out my song. looking for feedback, and supporters."
LneaDw26bFvnMp5q__XiHBvyky8sw2uF9b-ZfDZi2to,1,WeTheDopeSquad,,WATCH MY VIDEOS AND SUBSCRIBE
LneaDw26bFvxF3dtP-JPmr1RRfbcmnhR8cXBDGWcO2M,1,AllDailyVines,,:D subscribe to me for daily vines
z12svjz4pt3sxvser22cgdsbnyfwtn55l04,0,Emma Fedorova,2015-05-26T22:16:39.932000,LOVE IT!!!!!!!Ôªø
LneaDw26bFtwtT8_LopWaaxY8Oyx9gsb7cJXYi2g9_E,1,Brandtastic 1080,,Hay dakota u earned a subscribee
LneaDw26bFs87f8zCtdgtSzADarWSHU_uPcclXWKxms,1,Andrew Guasch,,"Listen...Check out Andrew Guasch - Crazy, Sick Flow...I&#39;m dope....that&#39;s all there is too it. If you like it Subscribe, if not, Ill be with Aftermath of TDE Soon enough.  One Love,  Peace."
LneaDw26bFt2UN5Rat9A-sFv7kHQK3u5BwCCi0L8W1s,1,DanteBTV,,Check Out The New Hot Video By Dante B Called Riled Up
z13zzjea3lrdfpk3323gttf4qtvwdbuhh04,0,Zach Myers,2015-05-26T19:46:46.819000,I hate rap and I like this songÔªø
z13czbe5wuelthefr22uit3o4m32v3f4q04,0,Chris Edgar,2015-05-26T18:40:11.037000,Love the way you lie - DriveshaftÔªø
z13pevnyjqyyi1o0a23wtbkiukzfcbz3j,0,Jakab Norbert,2015-05-26T17:26:02.908000,2010:(Ôªø
z13xg5zjtp3sfxm4a04cf1bolmzvu154bto0k,0,Marsonal Carrey,2015-05-26T17:25:43.332000,"1,000,000 VIEWS NEARÔªø"
LneaDw26bFs2gfQVXn0iARlUHD77c23Quer_0vQFKR4,1,Jacob Johnson,,"You guys should check out this EXTRAORDINARY website called FIREPA.COM .   You can make money online and start working from home today as I am!   I am making over $3,000+ per month at FIREPA.COM !   Visit FIREPA.COM and check it out!   Lake   . Chillpal . Sturdy . Astauand . Johackle . Chorenn . Ethosien . Changeable . Public . Noxu . Ploosnar . Looplab . Hoppler . Delicious . False . Scitenoa . Locobot . Heartbreaking . Thirsty . Reminiscent"
z124ixlgtxrxeliqw04ccr5auumhzbezcbo,0,Sean Messi Y.,2015-05-26T17:12:28.337000,this song is NICEÔªø
LneaDw26bFvEU1KP4pLe6ZX7ShycVVArHO-hQyOPKYI,1,Laura Brown,,"You guys should check out this EXTRAORDINARY website called FIREPA.COM .   You can make money online and start working from home today as I am!   I am making over $3,000+ per month at FIREPA.COM !   Visit FIREPA.COM and check it out!   Lake   . Busyglide . Sasaroo . Sore . Chillpal . Axiomatic . Naperone . Mere . Undesirable . Agreeable . Encouraging . Imperfect . Roasted . Insidious . Modgone . Quickest . Trelod . Keen . Fresh . Economic . Bocilile"
z12vilga4u3yjpvse23pst05vsy0xtikh,0,acgillespie,2015-05-26T17:09:09.703000,Sick Music for sick femalesÔªø
LneaDw26bFugQanw0UtVOqzEgWt6mBD0k6SsEV7u968,1,Jacob Johnson,,"You guys should check out this EXTRAORDINARY website called MONEYGQ.COM .   You can make money online and start working from home today as I am!   I am making over $3,000+ per month at MONEYGQ.COM !   Visit MONEYGQ.COM and check it out!   Lake   . Victorious . Luxuriant . Alcoholic . Responsible . Unbiased . Yoffa . Ociramma . Ociramma . Handsome . Arrowgance . Mizuxe . Boaconic . Sophisticated . Ill-fated . Spourmo . Chubby . Hioffpo . Probable . Singlewave"
z13gy34yyoexwhe2k23bwbb45pmoynthn04,0,Sylvie Clinkemaillie,2015-05-26T16:53:49.753000,LOVE TROP FORT VOTRE  clipÔªø
LneaDw26bFvpsz7rRi--uuuhcXD8DdMabES0ZpcLQlQ,1,Jacob Johnson,,"You guys should check out this EXTRAORDINARY website called MONEYGQ.COM .   You can make money online and start working from home today as I am!   I am making over $3,000+ per month at MONEYGQ.COM !   Visit MONEYGQ.COM and check it out!   Lake   . Waratel . Misty . Exciting . Swoquix . Acaer . Chillpal . Tupacase . Arrowgance . Lively . Hard . Idiotic . Bored . Cool . Ablaze . Crabby . Aloidia . Cheilith . Feandra . Useless . Ploosnar"
LneaDw26bFsyF8tOZ0xw7y8WVG6yqAbDgX-tObOFJHo,1,Laura Brown,,"You guys should check out this EXTRAORDINARY website called MONEYGQ.COM .   You can make money online and start working from home today as I am!   I am making over $3,000+ per month at MONEYGQ.COM !   Visit MONEYGQ.COM and check it out!   Lake   . Ignorant . Wavefire . Reiltas . Astauand . Skizzle . Jovaphile . Swooflia . Grynn . Excellent . Slimy . Gabby . Nalpure . Lucky . Glozzom . Depressed . Better . Deep . Sinpad . Stereotyped . Toximble"
z12wxljzemu3y5op504chzxqwkqkezor5nw0k,0,Maeva Bahlouli,2015-05-26T16:14:09.434000,Eminem et Rihana trop belle chansonÔªø
z12ts5g4zmekx3jxu04ce5wbesfkx1lrhxo0k,0,awsome6948,2015-05-26T15:26:55.753000,this song is better then monster by eminemÔªø
z13hdld4pqabztczx04cgvka1wnvtlxaxqk0k,0,Ìò∏ÏÑ±ÎÇò,2015-05-26T12:19:29.771000,He is good boy!!!<br />I am krean I like to eminem~!~Ôªø
z12rfprhgnipxnlhy04cifqgxkjaydsw0b4,0,This Hans,2015-05-26T11:23:52.048000,it is wonderfulÔªø
LneaDw26bFsBtfre7-TAAB3E03wBGNFYTtG5EG4-Zq8,1,Laura Brown,,"You guys should check out this EXTRAORDINARY website called MONEYGQ.COM .   You can make money online and start working from home today as I am!   I am making over $3,000+ per month at MONEYGQ.COM !   Visit MONEYGQ.COM and check it out!   Lake   . Magnificent . Noodile . Unequaled . Moderock . Gogopo . Lulerain . Olielle . Zesty . Laughable . Accidental . Pepelexa . Delightful . Wiry . Toogit . Uncovered . Chesture . Woozy . Adhoc . Weak . Shallow"
LneaDw26bFtg4S7L4GethprEUChZq3UF60r8hc2sHYE,1,spamworld2009,,Share Eminem&#39;s Artist of the Year video so he can win. We could see a performance and acceptance speech. Like this comment so everyone can see.  2014 =  Year of Eminem
LneaDw26bFvF20ISV3_bAs2_rN15DyE6cTqB-iNAgkY,1,spamworld2009,,watch?v=ARkglzjQuP0 Like this comment and share this video so Em can win!!! #YTMA
z12oipfxfzrndpzvj22ae30gytqufhgrl04,1,01FLHT,,Check out this video on YouTube:<br /><br />Eminem is amazing. Ôªø
z13oulsz0uzyxflr304cjds5jqbmej1b3mg0k,0,manish srinivas,2015-05-26T10:35:10.230000,awesome song everÔªø
z124hrlillzaw1tpm04cj544rn3ny5zwfmg0k,0,Rufus Korovina,2015-05-26T08:41:13.177000,loveÔªø
LneaDw26bFvwR9MSGUFzCNBEu-3vlO52N93p9T4CRcM,1,FrostByteRaines,,No long paragraph just check out my song called &quot;Fire&quot;.
z12yvpqranrjy3gzk04cf1qbrxrpiforz34,1,Amy Eller,,Check out this video on YouTube:Ôªø
z13fsfeyruulsxerl04ch1aatpbhv31z32c,1,James Lim,,"Check out this video on YouTube: <a href=""http://www.youtube.com/user/jlimvuth"">http://www.youtube.com/user/jlimvuth</a> ... Eminem ft Rihanna - Love the way you lieÔªø"
z13xx5w52svttd3lt23kijvwqtvph5m3l,0,sparkle princess,2015-05-26T07:39:34.920000,"do you guys know, there&#39;s a part two of this song! :DÔªø"
LneaDw26bFuYk-CX66ilV73gcn_vYn4Ixf3g9hRr-QA,1,Joseph Jackson,,"You guys should check out this EXTRAORDINARY website called MONEYGQ.COM . You can make money online and start working from home today as I am! I am making over $3,000+ per month at MONEYGQ.COM ! Visit MONEYGQ.COM and check it out! Memory Ferirama Besloor Shame Eggmode Wazzasoft Sasaroo Reiltas Moderock Plifal Shorogyt Value Scale Qerrassa Qiameth Mogotrevo Hoppler Parede Yboiveth Drirathiel"
z132sv2requjwv5rt04chf5hvqmlx3taayw0k,0,Êù•ÂÆâ Rai An Tatsumi,2015-05-26T05:53:58.715000,"Hey, it&#39;s Charlie from LostÔªø"
LneaDw26bFun23MY7WyKqy2ranhq31GL0qSYL-0X9Xg,1,Joseph Jackson,,"You guys should check out this EXTRAORDINARY website called MONEYGQ.COM . You can make money online and start working from home today as I am! I am making over $3,000+ per month at MONEYGQ.COM ! Visit MONEYGQ.COM and check it out! Wazzasoft Industry Sertave Wind Tendency Order Humor Unelind Operation Feandra Chorenn Oleald Claster Nation Industry Roll Fuffapster Competition Ociramma Quality"
z13owrjplrmwwf21b22qzbbjlx3etfoha04,1,Chutipha Wongsaroj,,Check out this video on YouTube:Ôªø
z121i1eqppzph3eod04cixfgwknydnfzq3k,0,railn j sander,2015-05-26T05:32:15.041000,"I guss this song is one of my worst fears in life, to be with someone who abusive towered me and live with him.... Ôªø"
LneaDw26bFvtmJorLbUQjuqmpL7TdjOKPGJT_DGUUJ4,1,louis canellony,,watch youtube video &quot;EMINEM -YTMA artist of the year&quot; plz share to vote!!!
z13ye1jj0nmftp3bm04cetp5krufcxpyyg4,0,Ellen Hamilton,2015-05-26T03:40:15.595000,"Made five years ago and people still don&#39;t understand the message this song is conveying. For those of you who don&#39;t, understand that domestic violence is no game, women like the fictional one in this video do exist. Living their lives with a man who abuses her, but still chooses to stay for not the love, but for the sexual feeling he gives her. This is quite sad, actually. Ôªø"
z13ptzarkk3efzkwc04cij4pdva4yhqzlq40k,0,D Maw,2015-05-26T03:14:40.856000,5 years and i still dont get the music video help someone?Ôªø
LneaDw26bFs1RtSwnOjwqXJGQrskf-Ocb9xxtCuif98,1,AD OSG,,Please check out my New Song (Music Video) AD - Don&#39;t Play
LneaDw26bFsTytWDcS_4DFWlbxAlCfw2c_9PIcArNdw,1,chantel toledo,,Tell us the title so i can like and subscribe your music fgw please
z12jzbkwfyuzdr1gg04cgzjqdpfgtnm5l04,0,Chris4chan,2015-05-26T02:55:34.984000,This video is kinda close to 1 million  views <br />Ôªø
z12uzrtwrxnfxrh3h22bzbuhekqzzp4mh,0,Gro√üdeutsches Reich,2015-05-26T02:31:49.765000,Fuck you EminemÔªø
LneaDw26bFtQ_DKei9k8hUUWHEzYNvZwn-q5QT2FCVU,1,Derek Moya,,"You guys should check out this EXTRAORDINARY website called MONEYGQ.COM .   You can make money online and start working from home today as I am!   I am making over $3,000+ per month at MONEYGQ.COM !   Visit MONEYGQ.COM and check it out!  The metal drews the reflective effect. Why does the expansion intervene the hilarious bit? The sneeze witnesss the smoke."
LneaDw26bFsruAgOVpmqyunZmTUad56RMEd1CFlt2uY,1,Derek Moya,,"You guys should check out this EXTRAORDINARY website called MONEYGQ.COM .   You can make money online and start working from home today as I am!   I am making over $3,000+ per month at MONEYGQ.COM !   Visit MONEYGQ.COM and check it out!  Why does the innocent woman prioritize the desire? The flight searchs the sad polish. When does the tax zip the omniscient record?"
z12xirno0xvlwfz0o22rexjrlyuzyjttn,0,KING CAPP,2015-05-26T02:31:39.111000,2008-2010 were the years for popÔªø
z13uutbriumnuj3rq04ccbvqlwjuj1srhyk0k,0,Warcorpse666,2015-05-26T02:27:43.254000,sorry but eminmem is a worthless wife beating bastardÔªø
LneaDw26bFt_sZxaSVD4YYGDWlCcEfLjcNyYrRWcSrg,1,Eminem King of Rap !,,  Eminem is the king of rap  Micheal Jackson is the king of pop  If you also wanna go hard and wanna be the person of first class fame just check out Authenticviews*com and be famous just within days !! yO ~
z13kfpwrhzeuvfavb221yxoj3ynsi5vjo04,0,Warcorpse666,2015-05-26T02:23:11.364000,so spousal abusue cool that&#39;s greatÔªø
z130druz4w3wdtxpn04cfjjazmugzjtp5i0,0,General Del√≠cia,2015-05-26T01:47:14.557000,she is megan fox?because she is very similarÔªø
z13qgndqwtb0c1z0z23qjj5yivq0djqul,0,LEGO_01 AND OBRY,2015-05-26T01:15:53.571000,"Holy crap. 800,000,000 views?!Ôªø"
z13xxbfocuaewj0jl04cgbcioua2ht0zxjo,0,miguel Leon,2015-05-25T22:52:54.552000,eminem - RIHANNAÔªø
z13kch2hprqkjhr5d04cdlwzkpeuwxljhhs,0,MajesticFlyingWhale,2015-05-25T22:38:00.654000,LOVE THIS SONG!!!Ôªø
z12agrbxiwabvrb2g22pfpcqys2eyrwbd04,0,Candela Camacho,2015-05-25T20:10:45.656000,What nicei‚õ∫‚ô•‚ô•‚ô•‚ô•Ôªø
z12qidxykke3jnmm522nj3noypyaedja504,0,Destiny Boatley,2015-05-25T15:08:58.329000,I like this song very muchÔªø
LneaDw26bFuRc-oJgCqkRGDhRb4gOA2s1-Katw83fJI,1,Derek Moya,,"You guys should check out this EXTRAORDINARY website called MONEYGQ.COM .   You can make money online and start working from home today as I am!   I am making over $3,000+ per month at MONEYGQ.COM !   Visit MONEYGQ.COM and check it out!  When does the flimsy slip facilitate the manager? How does the noise set goals the anxious regret? How does the actually loss retrieve the smile?"
z12osrsgan34db4eh223gbwr4urwhzfzv04,0,Hugo Gonzalez,2015-05-25T14:33:19.596000,I love it and my mom toÔªø
z133inhqhvzzctc5z04cfdaqcq2uch04fes,0,RusPassingGame,2015-05-25T11:04:16.985000,Who is watching in 2015 likeÔªø
LneaDw26bFv3qdtt-_26444mTK_vLq39DRUsyxXMKkQ,1,AD OSG,,Please check out my New Song (MUSIC VIDEO) AD - Dont Play
z13rj3tohue0exbkz22iyr3w2rntsfqcm,0,jameel alnozha,2015-05-25T06:01:01.050000,amazing songÔªø
LneaDw26bFsY3eyLLIkw8L2IJlhDoVXNDE-9aWVb1s4,1,Derek Moya,,"You guys should check out this EXTRAORDINARY website called MONEYGQ.COM .   You can make money online and start working from home today as I am!   I am making over $3,000+ per month at MONEYGQ.COM !   Visit MONEYGQ.COM and check it out!  Why does the wood photograph the husky breath? When does the act retain the delightful system? The rhythm fabricates the scintillating harbor."
LneaDw26bFv1OK5quUOMAxJiN8tdhKPRzQMpB13UZpY,1,Jerry White,,"You guys should check out this EXTRAORDINARY website called MONEYGQ.COM .   You can make money online and start working from home today as I am!   I am making over $3,000+ per month at MONEYGQ.COM !   Visit MONEYGQ.COM and check it out!  The cook officiates the tax. The walk judges the amount. Why does the ink train the valuable increase?"
LneaDw26bFtw9HLRdHT6M-zQCNCHF7b6j-vqweZRKh0,1,GreenStudioMashups,,check out my Eminem &amp; Kid Cudi M a s h up /watch?v=XYTcq5NzMuA
z125ef44tkipszbsq22firvzrwqpi3qdd,0,Andi Arizmendi,2015-05-25T03:30:30.047000,I like itÔªø
LneaDw26bFsNCzFDEM6x7-7RjXB5NjguHaB7LJf7qFg,1,dungeonturmoil1 .,,"YO GUYS SORRY IF THIS ANNOYS YOU!!! BUT CHECK OUT MY CHANNEL, AND LATEST VIDEO. A LIKE AND SUBSCRIBE WOULD BE NICE TOO!!!!!!!"
LneaDw26bFtEfMdXUYebOl-nweqjHYVYlY80z53Y4DY,1,Nick Amodei,,"This past Christmas my dad passed away, to help me cope I picked up a pen and some paper and started to write. Little did I know nearly 9 months ago that it would bring me where i&#39;m at today. Over 7k subscribers and 500k video views. I just wrote and released a song yesterday about a friend of mine who has tried to commit suicide several times, I can&#39;t promise you professionally produced music, but I can promise REAL lyrics. Just click on my picture. Thanks, and thumbs up so others may see?"
LneaDw26bFshakV1mr8xdnPsZTs4kKWkL20CH_8-gww,1,George Raps,,"‚Ä¢‚Ä¢‚Ä¢‚Ä¢‚ñ∫‚ñ∫My name is George and let me tell u EMINEM is my idol my inspiration, I&#39;ve listen to him growing up, I never thou I would love rap this much But I thank him for helping me find my dream. So I rap now and make YouTube videos and yesterday I covered the song Mockingbird it&#39;s in my channel I worked really hard on it and it&#39;s one of my favorite songs of Him. So please go check it out and subscribe it would mean the world to me n sorry for the spam ‚óÑ‚óÑ‚Ä¢‚Ä¢¬≠‚Ä¢‚Ä¢ don&#39;t hate I&#39;m not Eminem"
z13gwzgyuqaruxcg304ch5lwdwb0wtiztaw,0,tori strong,2015-05-25T01:56:04.076000,"love the way you lie featuring rhianna, hes an awesome rapper!!! shes an awesome singer!!!Ôªø"
z12xtnzbxomaglq4k04cfzpwiovxizj5l5o,0,austin green,2015-05-25T01:36:45.928000,Eminem is my insperasen and favÔªø
LneaDw26bFu2MoxKYLTd1zwJ-rs2k3ODQNQUJazVmcU,1,Frozthax,,e.e....everyone could check out my channel.. dundundunnn
z12ai5agdlawczj5x04cfhbr2vuezzvox1s,0,harold_123,2015-05-25T01:03:35.172000,"Every collaboration between them, we know it will be number 1 Ôªø"
LneaDw26bFtnG00TCBv-OKXOFCWEyHF4LFGUJv7VHNc,1,Scott Johnson,,"You guys should check out this EXTRAORDINARY website called ZONEPA.COM .   You can make money online and start working from home today as I am!   I am making over $3,000+ per month at ZONEPA.COM !   Visit Zonepa.com and check it out!  Why does the answer rehabilitate the blushing limit? The push depreciateds the steel. How does the beautiful selection edit the range?"
LneaDw26bFvfudvCyyJZYFnbHLToXau89jeMxKEcKTA,1,Scott Johnson,,"You guys should check out this EXTRAORDINARY website called ZONEPA.COM .   You can make money online and start working from home today as I am!   I am making over $3,000+ per month at ZONEPA.COM !   Visit Zonepa.com and check it out!  Why does the view disclose the macho lift? Why does the letter frame the thundering cause? Why does the talk prevent the conscious memory?"
z12lupcjftucw3v0x23ljvuzwpexizp0c,0,Eko Budi wibowo,2015-05-25T00:33:52.340000,good musicÔªø
LneaDw26bFuUfz6WhRf9xiRHsxHm0t4fXYLbcPhB7Lk,1,Scott Johnson,,"You guys should check out this EXTRAORDINARY website called ZONEPA.COM .   You can make money online and start working from home today as I am!   I am making over $3,000+ per month at ZONEPA.COM !   Visit Zonepa.com and check it out!  The jelly activates the reflective distribution. The normal top synthesizes the opinion. The victorious plant entertains the language."
LneaDw26bFsHybGKD92nHxbPKLFPvfv-HQtTPXZV1B8,1,Besser Wisser,,if you need youtube subscriber mail hermann buchmair on fb
z13ptttyrxekcdvib04chdepnmqygrnwj4c,0,Domonic gamer,2015-05-24T23:53:16.454000,is it bad that my realtionship is just like this lolÔªø
z12tsbvjay3avf04r04cdzegdkftg5cq5xg0k,0,Batman,2015-05-24T21:31:02.726000,This video deserves <b>1B</b> views!!!Ôªø
z12ddzwatzqijxh5p04cfnc5stnkjhbr3zg0k,0,tommy rincon,2015-05-24T20:59:37.012000,2015 and more....Ôªø
z12yc35j4vmxyfghs04ch3jhcyukjpqzvbw,0,ferri andrian,2015-05-24T14:32:55.194000,best song ever (y)Ôªø
z132sv1blzi0xhnld225vncq1niyyhrnr,0,Ben vW,2015-05-24T14:00:01.233000,I could hear this for years ;3Ôªø
z131c34acoqgwfkz304ccjertpfugxbrezw0k,0,ankit gulekar,2015-05-24T13:18:45.489000,Who is still watching in 2015Ôªø
z13lgrngavanillud22bxz05tpe0endag04,0,pooperscooper71,2015-05-24T13:13:23.397000,I wish that guy wasn&#39;t so protective geezeÔªø
z13ft1vrfyqavjmth23xzt3wumncvb4r204,0,moisi rrudha,2015-05-24T12:38:17.713000,super rihannaÔªø
LneaDw26bFu3Z1dDKWlNsmVswLAes4eWImEetoNbAKI,1,The NeedleWork,,‚ñ¨‚ñ¨‚ñ¨‚ñ¨‚ñ¨‚ñ¨‚ñ¨‚ñ¨‚ñ¨‚ñ¨‡Æú€©€û€©‡Æú‚ñ¨‚ñ¨‚ñ¨‚ñ¨‚ñ¨‚ñ¨‚ñ¨‚ñ¨ CHECK OUT MY CHANNEL ‚ñ¨‚ñ¨‚ñ¨‚ñ¨‚ñ¨‚ñ¨‚ñ¨‚ñ¨‚ñ¨‚ñ¨‡Æú€©€û€©‡Æú‚ñ¨‚ñ¨‚ñ¨‚ñ¨‚ñ¨‚ñ¨‚ñ¨‚ñ¨
LneaDw26bFsgggeU_vbp6eynA9RVJ0qto2OMt6tcgjk,1,deazy99,,"I know that maybe no one will read this but PLEASE TYPE IN &quot;deazy99&quot; I&#39;m a rapper with a dream. I know you must see like millions of those on here everyday but please check out my music and subscribe if you&#39;d like thank you, i would love nothing more than to have a decent following on youtube from people if anyone reading this could give it a &quot;THUMBS UP&quot; because what some might see as just a simple button press could make my dream come true..thank you again for your time &amp; may god bless you"
z12bwhjbwl3twfayl04cjl0bfriocdkauk40k,0,Adan E,2015-05-24T10:33:48.659000,Rihanna is so beautiful and amazing ‚ô•‚ô•‚ô•‚ô•‚ô•love her so much‚ô•‚ô•‚ô•‚ô• forever RiRi fan ‚ô• ‚ô• ‚ô• ‚ô• ‚ô• ‚ô• Ôªø
z13wxrnxjxz3wj3tn22sv33o0xyev5jfa,0,Durgesh Rathod,2015-05-24T09:57:50.220000,fav.Ôªø
LneaDw26bFsILb1-yJtTNbl7IIOeXIvJxxyU3o-EtR4,1,Yuliya Meow,,"HEY GUYS!!! ‚ù§‚ù§‚ù§‚ù§‚ù§‚ù§‚ù§  BEFORE YOU IGNORE ME, PLEASE, GIVE ME A CHANCE!  My name is Yuliya, I make COVERS. I started getting serious with Youtube September of 2013 because that‚Äôs Great challenge to myself. MY DREAM was to become a singer. Youtube helps me keep up! If you can please give me a chance and THUMBS THIS COMMENT UP so more people can see it. I swear I&#39;ll appreciate it. SUBSCRIBE PLEASE!!!  ‚ù§‚ù§‚ù§ LOVE YOU!!! ‚ù§‚ù§‚ù§‚ù§‚ù§‚ù§‚ù§‚ù§‚ù§‚ù§‚ù§‚ù§‚ù§‚ù§‚ù§‚ù§‚ù§‚ù§‚ù§‚ù§‚ù§‚ù§‚ù§‚ù§‚ù§‚ù§‚ù§‚ù§‚ù§‚ù§‚ù§‚ù§‚ù§‚ù§‚ù§‚ù§‚ù§‚ù§‚ù§ XOXO ‚ù§‚ù§‚ù§‚ù§‚ù§‚ù§‚ù§‚ù§‚ù§‚ù§‚ù§‚ù§‚ù§‚ù§‚ù§‚ù§‚ù§‚ù§‚ù§‚ù§‚ù§‚ù§‚ù§‚ù§‚ù§‚ù§‚ù§‚ù§‚ù§‚ù§‚ù§‚ù§‚ù§‚ù§‚ù§‚ù§‚ù§‚ù§ "
z12uxprwxwalxml0knzuxzxo5nyichlk1,1,Steph C,,Check out this video on YouTube:Ôªø
z12sd1khsuqegzwrm04cinlxrpj3gfyydnk0k,0,BigBird Larry,2015-05-24T09:48:00.835000,Every single one of his songs brings me back to place I can never go back to and it hurts so bad insideÔªø
z12avpyabxyzgdpjm04cj5mhyt22jdcbzow0k,0,Ezequiel Escamilla,2015-05-24T09:45:22.706000,I love your songs eminem your the rap godÔªø
LneaDw26bFveIkl-BacAwMBXwQ4Sb4AH7IWbGVvmtB8,1,SnEakiESTG,,SnEakiESTG Good Music. Hood Muzik Subscribe 2 My Channel. Thanks For The Support. SnEakiESTG   SnEakiESTG Good Music. Hood Muzik Subscribe 2 My Channel. Thanks For The Support. SnEakiESTG
z13sdfarvyi4trxew23owjhxfsv2zrmgw04,0,BigBird Larry,2015-05-24T09:44:44.694000,I cried this song bringing back some hard memoriesÔªø
LneaDw26bFvomSMK6PblKKPEb52U5F8DKmdq5vbIyNY,1,√Üle Skittles,,subcribe to us an we will subscribe back
z12vu5fysyb2vfbar04cex4q5ue2xb25epc0k,0,said abdesalam,2015-05-24T07:35:13.754000,song is badÔªø
LneaDw26bFttCkyddOJEPH8MvdMEkuYK_CTH-fLEm8E,1,lisabelb,,CHECK OUT MY COVER OF LOVE THE WAY YOU LIE PLEASE!!
LneaDw26bFsC5JIEICo3_lSrLloArwbectyGhPF4YeA,1,TheGenieBoy,,check out fantasy music    right here -------&gt; the1fantasy  good music man.
LneaDw26bFtnSSLHdnzuBcuiWsrkKqOQgsyMmAcSnw4,1,Louis Bryant,,"You guys should check out this EXTRAORDINARY website called ZONEPA.COM . You can make money online and start working from home today as I am! I am making over $3,000+ per month at ZONEPA.COM ! Visit Zonepa.com and check it out! How does the war illustrate the exclusive space? The mountain refers the helpless death. The tax reviews the special music."
LneaDw26bFu6m-EpCDatW1lzUgnvB4uHV9oZhaYe89A,1,Louis Bryant,,"You guys should check out this EXTRAORDINARY website called ZONEPA.COM . You can make money online and start working from home today as I am! I am making over $3,000+ per month at ZONEPA.COM ! Visit Zonepa.com and check it out! The loud authority improves the canvas. When does the mother repair the uppity learning? The substantial cook derives the harbor."
LneaDw26bFtZQLtaItMp2bSQS4mrfYeKiGUTvOg1jrU,1,Louis Bryant,,"You guys should check out this EXTRAORDINARY website called ZONEPA.COM . You can make money online and start working from home today as I am! I am making over $3,000+ per month at ZONEPA.COM ! Visit Zonepa.com and check it out! How does the burst render the symptomatic bite? The knowledge briefs the narrow thought. How does the eager sky transmit the crush?"
LneaDw26bFvdj1Xw8Fetm_0WMQpBnvqzJ4yzcj0jXgA,1,Louis Bryant,,"You guys should check out this EXTRAORDINARY website called ZONEPA.COM . You can make money online and start working from home today as I am! I am making over $3,000+ per month at ZONEPA.COM ! Visit Zonepa.com and check it out! How does the mammoth waste achieve the shock? How does the limit reduce the delicate minute? How does the meaty scale adapt the oil?"
z120djlhizeksdulo23mj5z52vjmxlhrk04,0,Murlock Nightcrawler,2015-05-24T07:04:29.844000,Charlie from LOST?Ôªø
z13xebq4mlyqdda4w04chlsyirr2i54pkjg,0,kawaii sincebirth,2015-05-24T06:32:57.969000,"What the hell this song is already five years old?? I remember when it first came out, this was my jamÔªø"
LneaDw26bFu5T8bwbIy7eMn91qk-o2L3cJylp6BIwdQ,1,OriginalFreshB,,Check out my channel im 15 year old rapper!
z12ufpawowzutdgvb22gsdiatyi4xf4xq04,0,Victoriaa Hemming,2015-05-24T06:20:53.534000,is that Megan foxÔªø
LneaDw26bFu-16wpkbRY_POG-WA_Hnc6J0bNJPD0g-k,1,Marko Vukoja,,wtf. subscribe my channel thanx ;)
LneaDw26bFv6tN6HSeH4Rgiis0rYR8mu_y8Mh8Ck93Y,1,MrCurr3ncY,,Hey check out my channel!!!! Please
z12otb5xdp3bdhwxo04cg5ga3kqvi1erzfw,0,Aniyah Wells,2015-05-24T05:09:00.545000,So he&#39;s admitting he killed his girlfriend???Ôªø
LneaDw26bFs2NLsTvDF3gXDLwcFi31Wf-kN6cQv8tOs,1,KeithLinscotts,,check out you tube keithlinscotts one word keithlinscotts you tube .com
LneaDw26bFu764_yd9zHEi-XoTcdndpOwC39TdrGSRU,1,Themayerlife,,Check out my mummy chanel!
z12bwpz4rlrjxzkuo22rfpbhfpz1xdluj,0,Ke Vin a.k.a. Righteous,2015-05-24T01:57:20.995000,i want to smack this year boy in to foreverÔªø
z13pi3zgwsqlitvtb23nzjermmfivrvrl04,0,Shakeema Edwards,2015-05-24T01:27:05.997000,"Charlie, heroin will do that to you.Ôªø"
LneaDw26bFvJRNWu0ts5Srp6x9BJYYPEHyXnuEF760k,1,Alex Weight-Loss,,Fruits and vegetables give you longer lasting energy for weight loss.  Check out youtube.com/user/36loseweight.
z13cehkhxmugujbdh23ehzcijlfhcr4h204,0,Karen Cervantes,2015-05-24T00:15:08.291000,Love SongÔªø
z12dc1xrjv3zgfpfl22pu5dh4va2upijn04,0,faith jones,2015-05-23T23:47:20.885000,Megan Fox is gorg in this!! Eminem is truly the rap god :)Ôªø
LneaDw26bFtX5RMSmXwiWyM-cpLU5CtNk9C9QQiT9Lc,1,Vincent T.,,RIHANNA - POUR IT UP (VINCENT T. REMIX) RIHANNA - POUR IT UP (VINCENT T. REMIX) RIHANNA - POUR IT UP (VINCENT T. REMIX) RIHANNA - POUR IT UP (VINCENT T. REMIX) RIHANNA - POUR IT UP (VINCENT T. REMIX) RIHANNA - POUR IT UP (VINCENT T. REMIX) RIHANNA - POUR IT UP (VINCENT T. REMIX) RIHANNA - POUR IT UP (VINCENT T. REMIX) RIHANNA - POUR IT UP (VINCENT T. REMIX)  CLICK! SUBSCRIBE!
z12wgbl4exjaf3xu223jej34rlabtjbkz,1,Rose Bruhns,,Check out this video on YouTube:Ôªø
LneaDw26bFuWopul-gr37Vv-5semureg7PfAdqw3V5c,1,..xXCoolMultiXx..,,He gets more views but has less subscribers lol
LneaDw26bFssNuHM19vJZwZIDvIkQHDPSkv7woLXuO0,1,ferhan kifle,,Go check out eminem survival.
LneaDw26bFvdvI7rlQIcNpETWIMuWByXcsQPGKS7EVg,1,Chris King,,Hey! I&#39;m a 16 Year old rapper from Texas I don&#39;t rap &quot;PMW&quot; but I promise my music will NOT disappoint.. Search therealchrisking1 to find me and listen to my track &quot;Memory Lane&quot; I just released my 3RD mix-tape &quot;Crown Me&quot; and so far I&#39;ve had nothing but good reviews about it. I&#39;m not asking you to like or subscribe but just 1 view will help me catch my dream. and if you could leave a comment letting me know what you think it would be MUCH appreciated also. Thank you.
LneaDw26bFsEJWfgAAquASY-phBHckFFppU0EKqD-yY,1,Elias Uchiha,,if eminem gets 1 penny per view he would have 600 million dollars
LneaDw26bFtmqnbwore5s5LHQD3cpRwhBYdsz4yXRkM,1,INCRIVELawesome,,Check Out LEANDRUS - PLAYTIME It&#39;s awesoooome !!
z12zcvjo2tbez1mfy23pvjwzckbbcdivp,1,Melody Peace,,Check out this video on YouTube:Ôªø
LneaDw26bFu1Ru9jx_4ZrghWiGAVmVtFPtTTpL7ihGI,1,deazy99,,"I know that maybe no one will read this but PLEASE TYPE IN &quot;deazy99&quot; I&#39;m a rapper with a dream. I know you must see like millions of those on here everyday but please check out my music and subscribe if you&#39;d like thank you, i would love nothing more than to have a decent following on youtube from people if anyone reading this could give it a &quot;THUMBS UP&quot; because what some might see as just a simple button press could make my dream come true..thank you again for your time &amp; may god bless you"
LneaDw26bFsOYjjXTrDu7GwukppwT8U_8uWaxcdut44,1,Monica Lewis,,Dress like Rihanna at kpopcity.net - The largest discount fashion store in the world! Check out our &quot;Hollywood Collection&quot; to dress like all your favourite stars!   Dress like Rihanna at kpopcity.net - The largest discount fashion store in the world! Check out our &quot;Hollywood Collection&quot; to dress like all your favourite stars!
LneaDw26bFuXMGzeve-9_Piipp0wpaS_5AJyXS2fqJw,1,Kate Mcdermit,,CHECK OUT THIS DOPE CHANNEL!    phenomenallyricshere CHECK OUT THIS DOPE CHANNEL!    phenomenallyricshere CHECK OUT THIS DOPE CHANNEL!    phenomenallyricshere CHECK OUT THIS DOPE CHANNEL!    phenomenallyricshere CHECK OUT THIS DOPE CHANNEL!    phenomenallyricshere CHECK OUT THIS DOPE CHANNEL!    phenomenallyricshere CHECK OUT THIS DOPE CHANNEL!    phenomenallyricshere CHECK OUT THIS DOPE CHANNEL!    phenomenallyricshere CHECK OUT THIS DOPE CHANNEL!    phenomenallyricshere
z13hcfzbesmjhpuzp04ccvzilqvcyj0x3yo0k,0,Vivek Bhardwaj,2015-05-23T22:14:55.993000,amazing songÔªø
z12vcv5xuqq4gvpgu04ch5ah3vyqwzphryc0k,0,kissmehk,2015-05-23T19:37:52.240000,:)Ôªø
z12mt1p4mljosxzto224jzypky2henlbn04,0,Sandeep Singh,2015-05-23T17:51:58.957000,Charlie from LOSTÔªø
LneaDw26bFviVGu48zFp_sMMENzTpzWdbhRUvgtprCI,1,Dengesiz Adam,,SubScribe me pls EMƒ∞NEM FANS
LneaDw26bFtleYKQHQZ7EJNapbBNzTiP3Yzy8i_2Dmc,1,Paiky MC,,dude check out psy
z12tzpcjazigvrodo22dubixisqhfxtuo,0,twe enyss,2015-05-23T16:41:29.823000,"I love this-the talents of eminem and Skylar,works well togetherÔªø"
LneaDw26bFsXWfdCYFbqrDwjflNnbdxcinzjRtW2rzw,1,FreshX,,Share this video.. This song can beat PSY - Gangnam Style!
z12muxdydqnggz0gw04cgldbmvnlhzuxpu40k,0,AreWEFaumos Now,2015-05-23T14:24:32.712000,thumb up if you watching in 2015 and ¬†you like itÔªø
LneaDw26bFtNnEGpg7pf921bsfI1m57qBsEWQKlItrk,1,KC Cassette,,Check out my remix to Tyga&#39;s - Molly ft. Whiz Khalifa Peace and love
LneaDw26bFsVCGrj_dxDKFtnhKwpdiPRkVcanAW9w7E,1,markwardist,,Check out my channel please.
LneaDw26bFuM4VU33XXogBzYQDxO-q19BsZLZRAklss,1,Ractive,,"i been working so hard for the past 60 days to improve i been writing/recording/mixing/performing 16 bars everyday im doing it for a whole year(365 days) today i&#39;m on day 60 today i work so hard now i&#39;m doing 2 verses everyday to improve i&#39;m going all the way to 365 PLEASE SUBSCRIBE to my channel  help me build a fan base ,watch me improve,help me get closer to my dream i&#39;m lyrical and i keep it real i won&#39;t leave you down i promise(: PLEASE SUBSCRIBE please like this  commment so people can see"
LneaDw26bFuFItWTKmffBRPA4v3HwunSq-ceF3kwQZ4,1,Juarez Ounfee,, I can&#39;t believe this I just now watched a brand new adult video clip with rihanna She has been screwing a black Basketball player  Check out her video right here if you wish:   crazy-celeb-news.eu.pn
LneaDw26bFsHGo2NsZjHkppLdvkxCkgu3s2nWi99Oa8,1,MrJtill0317,,‚îè‚îÅ‚îÅ‚îÅ‚îì‚îè‚îì‚ïã‚îè‚îì‚îè‚îÅ‚îÅ‚îÅ‚îì‚îè‚îÅ‚îÅ‚îÅ‚îì‚îè‚îì‚ïã‚ïã‚îè‚îì  ‚îÉ‚îè‚îÅ‚îì‚îÉ‚îÉ‚îÉ‚ïã‚îÉ‚îÉ‚îÉ‚îè‚îÅ‚îì‚îÉ‚îó‚îì‚îè‚îì‚îÉ‚îÉ‚îó‚îì‚îè‚îõ‚îÉ  ‚îÉ‚îó‚îÅ‚îÅ‚îì‚îÉ‚îó‚îÅ‚îõ‚îÉ‚îÉ‚îÉ‚ïã‚îÉ‚îÉ‚ïã‚îÉ‚îÉ‚îÉ‚îÉ‚îó‚îì‚îó‚îõ‚îè  ‚îó‚îÅ‚îÅ‚îì‚îÉ‚îÉ‚îè‚îÅ‚îì‚îÉ‚îÉ‚îó‚îÅ‚îõ‚îÉ‚ïã‚îÉ‚îÉ‚îÉ‚îÉ‚ïã‚îó‚îì‚îè‚îõ  ‚îÉ‚îó‚îÅ‚îõ‚îÉ‚îÉ‚îÉ‚ïã‚îÉ‚îÉ‚îÉ‚îè‚îÅ‚îì‚îÉ‚îè‚îõ‚îó‚îõ‚îÉ‚ïã‚ïã‚îÉ‚îÉ  ‚îó‚îÅ‚îÅ‚îÅ‚îõ‚îó‚îõ‚ïã‚îó‚îõ‚îó‚îõ‚ïã‚îó‚îõ‚îó‚îÅ‚îÅ‚îÅ‚îõ‚ïã‚ïã‚îó‚îõ CHECK MY VIDEOS AND SUBSCRIBE AND LIKE PLZZ
z133sxsrnzbuwbe2o22iizkhvyicd5z0t,0,Sawa Jamal,2015-05-23T12:12:59.082000,Never gets old best song ever  ‚ù§Ôªø
z13idj4w4yy5g1mx104cd3rwetmew3kq554,0,Fantasy Mysteries,2015-05-23T12:12:16.470000,First they were fighting... Then they were making out...Ôªø
LneaDw26bFupd-SDZSJybM-YnylZY3yw4Hx0dpG5Ars,1,deazy99,,"I know that maybe no one will read this but PLEASE TYPE IN &quot;deazy99&quot; I&#39;m a rapper with a dream. I know you must see like millions of those on here everyday but please check out my music and subscribe if you&#39;d like thank you, i would love nothing more than to have a decent following on youtube from people if anyone reading this could give it a &quot;THUMBS UP&quot; because what some might see as just a simple button press could make my dream come true..thank you again for your time &amp; may god bless you"
LneaDw26bFua7KQM3MpFFLNg9dDrNznsK0wQXgR61YQ,1,rukshan bieber,,Hey guys please just spent one minute for me:) im a singer from srilanka and im 18 year&#39;s old! SooO I LIKE TO BE GREAT SINGER will be a one day so i hope it would be happen in really my life. Just view my videos and rate it and let me know how is my voice please help us guys closer to living my dream:)! I really know you&#39;d helped me who read this comment he/she can just understand my feeling ! Thanks guys lv u really much more! SUBSCRIBE IT MY CHANNEL AND ONECE AGAIN THANK U !
LneaDw26bFtUEhNudjpH0X1gcH2nF0v4w6dhXurctSU,1,Ashim Limbu,,YO GUYS IM 14 YEAR OLD RAPPER JUST STARTED RAPPING  SO PLEASE CHECK OUT MY SITE AND LEAVE FEEDBACK AND SUBSCRIBE  ALSO LIKE THIS COMMENT SO MORE CAN SEE AND MAKE MY CHANNEL BIG ASWELL
z122j3v55kiwzpqpc04cdxc4elf3zjuir4o,1,Linda Dipilato,,Check out this video on YouTube:Ôªø
LneaDw26bFuGts11KE-vf8DxNybKxvOCLkkkExJk2pk,1,Honest586,,*for 90&#39;s rap fans*  check out my Big Pun - &#39;Beware&#39; cover!  Likes n comments very much appreciated!
z12ywjeyiwu3jdqvq22ptpzpowithfaz204,0,hazem bitar,2015-05-23T10:27:43.205000,I love this song up to the moon &gt;3 you are Rocks!Ôªø
z12xu1bi1umyxxs2023ejhfpuumozd45n04,0,Ferhad Babayev,2015-05-23T08:55:42.007000,Hello. ƒ∞ am from Azerbaijan<br />Ôªø
LneaDw26bFvv8RbyHRBDnA-4Bb1lhF9UlpzJf_5FkWM,1,Ïù¥ Ï†ïÌõà,,"This great Warning will happen soon. ,0
LneaDw26bFst76VHKJL8PxaEy6VMNlvmriUDTSFK6vY,Ali Pa≈°a,2013-09-26T22:28:17.047000,Croatia &lt;3,0
LneaDw26bFvkAHxpKEnM25FYWkyXthsUpri6JuQsZnU,G Belrus,2013-09-26T22:26:12.832000,Nice one,0
LneaDw26bFtvZQt6JUEhasIEFRJG1exI_dVqdnQVPho,exode. comeback.,2013-09-26T22:23:00.710000,600m views.,0
LneaDw26bFunOarAg71AwGU6TJO6aZDKFIUn_TZ1_HY,Muhammad Shaeel Abbas,2013-09-26T22:15:45.476000,Fuck off!,0
LneaDw26bFt-oToUFj0z3vffLFNaxyKwZSIVQhiMx-E,Notorious Niko,2013-09-26T22:00:43.613000,""Hey guys im a 17yr old rapper trying to get exposure... I live in belgium where NO ONE speaks english so i have to resort to this gay SPAM...  Check out my 2 latest tracks as they are probably my best.. Audio isnt the best but im gonna invest in some real equipment for my next track..  Please Thumbs this up so others can see.. or hey dont just check me out yourself and leave a response and a like :D  Thanks in advance, you guys will be part of making my dream come TRUE   -Notorious Niko "
LneaDw26bFvpoWuT_30FVDq9XRmjOIn_01gQXnGANo4,1,Notorious Niko,,"Hey guys im a 17yr old rapper trying to get exposure... I live in belgium where NO ONE speaks english so i have to resort to this gay SPAM...  Check out my 2 latest tracks as they are probably my best.. Audio isnt the best but im gonna invest in some real equipment for my next track..  Please Thumbs this up so others can see.. or hey dont just check me out yourself and leave a response and a like :D  Thanks in advance, you guys will be part of making my dream come TRUE   -Notorious Niko "
z13csrxzhwnis5zg404cdxpyrpbvtdcocz40k,0,Boksu Boc,2015-05-23T08:36:40.952000,EMINEM&lt;3¬†<br />the best rapper ever&lt;3Ôªø
z13wtn0o5ueli5m4b04cdjnjqzb5xftz4hw,0,Chelsea Yun,2015-05-23T07:17:09.691000,i hate rapÔªø
LneaDw26bFtSk2czbMLQl8KluoXusyGfmZ0u3D3dXek,1,media.uploader,,Check out my channel to see Rihanna short mix by me :)
LneaDw26bFv2Ps-QqkMShtEbaXEAA7MO4d-ZFRdrrW0,1,Anthony Konstantinou,,Every weekend a new lyric video of Eminem here VIEW LIKE SUBSCRIBE
z12ojrdgoryvz5k4n04cidzimov5inlppto0k,0,Laura Winner,2015-05-23T05:14:55.214000,This song/video is such a trigger but it&#39;s just so good...Ôªø
LneaDw26bFvaBIGMY4DfxNzifyIUm7GOWp8Br9oySEk,1,DanteBTV,,Check Out The New Hot Video By Dante B Called Riled Up
z13mh5zhdtrcst5xs04cddwzqtz5yhapzf0,0,LUKAZ G,2015-05-23T04:45:12.703000,Was that Meghan fox??Ôªø
LneaDw26bFs9Rg2Ij9HjO7kLn-wwxZttoa9Dx9BEGzQ,1,armontre,,ayyy can u guys please check out my rap video im 16 n im juss tryna get some love please chrck it out an thank u
LneaDw26bFtHPL0j2tW4vknwh8imHXGX4vzYDmr2nhc,1,Jay Stevens,,COME SUBSCRIBE TO MY CHANNEL! ;-)  PLEASE!!
z13cztvzwlzawvszx04cfp3rdma0dlyonso0k,0,Maria Montana,2015-05-23T04:15:02.178000,"Awesome song!,congratulations!!!Ôªø"
LneaDw26bFuMmBaTaA7SRY7EwUqxN2vHR8tDEuQfjRQ,1,BloodspitsMusic,,"Come check out our music channel! go check out the song &quot;Love Me&quot; by J.E.M.INI! If you do you are a very amazing person, thank you to all who check it out, if you don&#39;t check it out you&#39;re still an amazing person just for reading this post"
LneaDw26bFvPh9xBHNw1btQoyP60ay_WWthtvXCx37s,1,janez novak,,share and like this page to win a hand signed Rihanna photo!!! fb -  Fans of Rihanna
LneaDw26bFvPh9xBHNw1btQoyP60ay_WWthtvXCx37s,1,janez novak,,share and like this page to win a hand signed Rihanna photo!!! fb -  Fans of Rihanna
LneaDw26bFuQPBnfEIFhEOee5UVNZ-dSDr4EIsxWocE,1,Adam B,,check out my page ADAM B BEATS 2013
LneaDw26bFtoHCZ_b-m1MyTEpaNHWvF8VmCFhVRFMgU,1,HEADSHOT946,,Look and shares my video please :D
z125w1ejhpqzinkmb23jej34rlabtjbkz,1,Rose Bruhns,,Check out this video on YouTube:Ôªø
LneaDw26bFtJyeoa9E-59ntF4zGVkZb4OaitZmuvNyw,1,Noise‚ÄãBreak,,Like &amp; Subscribe /watch?v=5tu9gN1l310
z12xyzfbixyuxf5wm04ccn2inoiyevdqwgo,0,PDV10,2015-05-23T02:32:21.664000,charlieee :DDDD (Those who saw Lost only will understand)Ôªø
LneaDw26bFsltJodWnZAafXscqrATBuKDM8-8lA4TQE,1,miamiscraziest,,LADIES!!! -----&gt;&gt; If you have a broken heart or you just want to understand guys better you should check out this underground book called The Power of the Pussy on AMAZON. Best book ever for us girls! Oh...and just a warning it&#39;s for 18 and over...lol
LneaDw26bFvSkELgnp-ZdS5ZiYbn_tFmogawXBUucN4,1,Ked Woodly,,COFFEE ! LOVERS ! PLEASE ! READ ! Check out a song I wrote and sing on You Tube called COFFEE LOVA.Type COFFEE LOVA like I spell it while your already on You Tube hit enter.Then look for video titled COFFEE LOVA hit enter and BLAST ! OFF !
LneaDw26bFtxWo398a4IB63xJxVOTtPd1Xqz0vPfw9s,1,Ractive,,"hey guy if you can please SUBSCRIBE to my channel im a young dedicated rapper i post videos everyday to improve  i write/perform/record/mix/edit/post everyday  i do a verse everyday (16 bars)to improve i&#39;m doing it for 365 days a whole year to improve right now i&#39;m on day 46  if you guys can please like this comment so everyone can see it and follow me on my journey/watch me improve everyday SUBSCRIBE PLEASE I&#39;m lyrical and i keep it real  help me reach my dream,help me build a fan base,THANKS(:"
z12wyxvyuyiach5og04cclng3ujizpmbtg0,0,dmrc43,2015-05-23T02:13:21.735000,so many comments.Ôªø
z12qv3vybobijlzot04cjvqwxrnvvlzrs50,0,Unitedstates America,2015-05-23T02:13:15.643000,"Getting too 1billion views, holy moly.!!!Ôªø"
z13rzhjaxxr3z1t4504ccvlp1uqnddvqoyg0k,0,Kate Love,2015-05-23T01:14:31.812000,Best songÔªø
LneaDw26bFvjY8Hcx4VMm_TW6lDgVntTQMvU8NjWnEU,1,FaZe MinEz,,SUBSCRIBE TO ME! I MAKE MUSIC!
z12zz5eqkxqfzxcof04cjfow2lf5c53hbcc,0,Nader sheckler,2015-05-22T23:24:03.588000,#1 song in world even in 2015Ôªø
z12agzlqdsjwthnkc23sfxaofvjoevvx204,0,Lily Barboza,2015-05-22T22:36:11.416000,Hi loving itÔªø
LneaDw26bFtE0-kLDaaiizhZVUyP1tE0FLTPo6TPFPY,1,Amir bassem,,subscribe me if u love eminem
z12wddhwuqintd14y04cif5i5z3vxjfwd5s,0,Elsa Ekokobe R√∏nning,2015-05-22T22:19:43.707000,Lol thats the guy from animal planet and lost. And the girl is megan fox i think hahah Ôªø
z12scbmwdyaogtjcc223gjn4dpzmerkt3,0,Angie Schear,2015-05-22T16:01:46.636000,This song is true because it is insane because boys will do this to a girl and it is not true that people say that a guy will never do it to a girl but boys YOU LIERS NOW STOP TREATING US GIRLS THIS WAY YOU ALL SUCK!Ôªø
z13gdxtwjrjoczd5h04cejcqqpedxxoyn34,0,Aleesha Hoover,2015-05-22T14:44:13.619000,Love the video Ôªø
z13affyr3pbbxv0ur235g3dptufrtb5zl04,0,Manikencheto Metodiev,2015-05-22T13:13:00.927000,Hello I&#39;m from BulgariaÔªø
LneaDw26bFuH6iFsSrjlJLJIX3qD4R8-emuZ-aGUj0o,1,Amir bassem,,if u love rihanna subscribe me
z12jutrbiwf4x3mn4224ht3bsn3bwrfqz04,0,Laighla Owens-Teague,2015-05-22T12:37:59.803000,Eminem rap can be easy for a boy but I can do thatÔªø
LneaDw26bFuH6iFsSrjlJLJIX3qD4R8-emuZ-aGUj0o,1,Amir bassem,,if u love rihanna subscribe me
LneaDw26bFspwHUoVH2c1_LONmdspcoJ2HoRzSx0cV8,1,Jason Viens,,CHECK OUT MY MUSIC VIDEO ON MY CHANEL!!!
LneaDw26bFulIEwMLpMhW9hdZ7Zlfu8GwVEpN5x1LXc,1,killtheclockhd,,check out our bands page on youtube killtheclockhd - check out some of our original songs including &quot;your disguise&quot;
LneaDw26bFsZ8_-MJ2YdPL4dt9_QKyP6RI_K_Gt7jIM,1,LaMusician,,could you guys please check out my channel for hiphop beats?
z13wxtdpeznid12et23ogtd4zoyvzbnoz04,0,Sonny Carter,2015-05-22T11:46:35.988000,I love this song sooooooooooooooo muchÔªø
LneaDw26bFuKSv_W4OOCnX-bIBR37W0G13MKHZrFVzI,1,Terry-Lee Mackenney,,everyone come and check out the new GTA 5 Gameplay right Here : /watch?v=6_H0m5sAYho
z13ucdta5ub5djl1d235wndifoybg5lkt,1,Amie Rutledge,,Check out this video on YouTube:Ôªø
LneaDw26bFtALaOnhQgvfdsxEfR5GGMiiqg8sneY-xg,1,Drake Gagne,,Hey guys I&#39;m 87 cypher im 11 years old and Rap is my life I recently made my second album desire ep . please take a moment to check out my album on YouTube thank you very much for reading every like comment and subscription counts
z13ryrrbkny0czdvv23vizoopmmmgxtax04,0,Angie Medina,2015-05-22T10:58:24.072000,Eminem - Love the way you lie ‚ô• ‚ô• ‚ô•Ôªø
LneaDw26bFusJ2z8NldBy-Z5iwzOQ6CPi1ryYyOhzD4,1,Drake Gagne,,Hey guys ready for more 87 Cyphers back check out my video on YouTube. NEW ALBUM IS OUT CHECK IT OUT. MORE MUSIC TOMORROW THANKS FOR READING
LneaDw26bFtI-0_UfYJ5VmhFKI63wbPsqzmdZkuvXd4,1,Andrew Guasch,,Hey if you guys wouldnt mind...could you check out my boys and my music...we just made a real lyrical song...search DNA Andrew Guasch...I appreciate it. Leave some real feedback and keep Hip-Hop alive
z13kuhmwfyvkw5fii04chjfr4yfnvrcht5k,0,Intan  Nadia,2015-05-22T09:38:22.793000,Is that girl is Megan fox Ôªø
z12oczujeqz2xn2lq234ijdzurmdynx5m04,0,Quinn and Mia Channel MattyB101,2015-05-21T22:48:59.766000,So freaking sad...Ôªø
LneaDw26bFuR9smjLJUhkDMS-5WcFp80WGZVHVi9Tsw,1,Butter Forbes,,Hello. I only made ONE Eminem song on my channel. Could you guys just put A LIKE on it please? Don&#39;t need to subscribe. Thanks.
LneaDw26bFvgKZJfckgl7OJXXu6v0YtHfhlRTURbhdY,1,Ractive,,"hey guys if you guys can please SUBSCRIBE to my channel ,i&#39;m a young rapper really dedicated i post a video everyday ,i post a verse (16 bars)(part of a song)everyday to improve i&#39;m doing this for 365 days ,right now i&#39;m on day 41  i&#39;m doing it for a whole year without missing one day if you guys can please SUBSCRIBE and follow me on my journey to my dream watch me improve, it really means a lot to me  thank you (:, i won&#39;t let you down i promise(: i&#39;m lyrical i keep it real!"
LneaDw26bFu8sZa1D5wQdex0wG1IYwFiZL4s3M0h2X8,1,M.E.S,,hey its M.E.S here I&#39;m a young up and coming rapper and i wanna get my music heard i know spam wont get me fame. but at the moment i got no way of getting a little attention so please do me a favour and check out my channel and drop a sub if you enjoy yourself. im just getting started so i really appreciate those who take time to leave constructive criticism i already got 200 subscribers and 4000 views on my first vid ive been told i have potential
z12rhdkrvvy3hd42c23whdeavkjdxnimg,0,viviane trinh,2015-05-21T22:35:35.753000,i like the lyrics but not to music videoÔªø
LneaDw26bFs3BLHRkaxpe2sWBWSCyXU7mlRbxEYSvQg,1,Greg Fils Aim√©,,"I hope everyone is in good spirits I&#39;m a hard working student who&#39;s also a passionate singer I look foward to the day when I can make my own music to share But for now I&#39;ve just been doing covers. Check out my channel, I&#39;ve done Covers of Miley Cyrus, Imagine Dragons, Lana Del Rey, Drake, Macklemore, Pink and countless others.  Subscribe only if you want to. My goal isn&#39;t to become famous but to  inspire FYI this isn&#39;t spamming, everyone has a right to freedom of speech. Thanks "
LneaDw26bFsI21zTVPXTHR0k0-oXBY--24NIE1lGPuk,1,rap classics,,check out my channel for rap and hip hop music
z13zdpqz0qflhrha104cdxir0pbct3v4iys0k,0,France Silva,2015-05-21T21:54:55.768000,BRÔªø
LneaDw26bFs2opcXPZ0Hnufen7TS94xBoLm5NO5l30U,1,Adam B,,adam b beats check out my page
z13qczlqnoqajv4rd04ci5arplmksbi5yq00k,1,Andrew Willigar,,"<a rel=""nofollow"" class=""ot-hashtag"" href=""https://plus.google.com/s/%23Awesome"">#Awesome</a> <a rel=""nofollow"" class=""ot-hashtag"" href=""https://plus.google.com/s/%23Share"">#Share</a> <a rel=""nofollow"" class=""ot-hashtag"" href=""https://plus.google.com/s/%23RT"">#RT</a> Eminem - Love The Way You Lie ft. Rihanna <a href=""http://ow.ly/2zME8f"">http://ow.ly/2zME8f</a>Ôªø"
LneaDw26bFsnJbhjejnJC_J6d5sHIH1B9UYVbAUc9KM,1,M.E.S,,im M.E.S an aspiring young rapper with high hopes.  i know you will not click this link and check out my channel. you just dont want to.  well its your choice. in fact you know what DONT CLICK
z130zx3rrzagwzclr23vxjypimviff23m,0,Huda Salah,2015-05-21T21:34:27.615000,Looooved Ôªø
z12pvhp42ouayd1xx04cgl4a4wu3sxmqnlw0k,0,SBG | Zombies,2015-05-21T20:37:21.421000,We need to get this to 1 Billion Views!!Ôªø
LneaDw26bFtY8pq4RbqsCPRkV04NOObMB3THlsTf9og,1,superfacoo,,"Hey? Everyone Please take a moment to read this. I work my ass off hoping to make it into the music industry but its hard to? get people to hear you when you don‚Äôt have money for advertisements and exposure I am a Young Artist who has dreams and goals like everybody else Please take 30 seconds and visit my channel You don‚Äôt have to like? me, just give me a chance to prove my talent Also, please take just 1 second of your life and Thumb this comment up it would be Super Helpful."
z13twpph2vq5zv15k04cixdrfubnxh3oqz40k,0,Seth Ryan,2015-05-21T20:04:42.844000,AmazingÔªø
z13zc5rw3l3vw1fey23rehuylwzfcx5rt04,0,Seth Ryan,2015-05-21T20:04:36.016000,Almost a billionÔªø
z12ittrwwxexxzwve23rehuylwzfcx5rt04,0,Seth Ryan,2015-05-21T20:04:26.473000,Great songÔªø
LneaDw26bFuhuiZ8uX6C-qYLIsOFj9BIWtKWtCz870c,1,Lizzy Molly,,PLEASE CHECK OUT MY VIDEO CALLED &quot;WE LOVE MIND MASTER IT&quot; THANKS
LneaDw26bFvhyHSmfm28L9EGvDJ-bou6Ze3cVbgCtgU,1,marion guy,,Okay trust me I&#39;m doing a favor. You NEED to check out this guy named Columbus Nelson on YouTube.
LneaDw26bFsdjmaguMUCSqsUShQZWX4FLU2c58BV1mM,1,diabeat diaBEAT,,I agree they are just damn spammers. They suck. Im trying to do the same and get known. I know the feeling. I will help you out and leave likes and comments on your page. I hope you could do the same and maybe subscribe to me that would be awesome thanks
LneaDw26bFvA7_ot-Z3kQHP4GTE3g_Zc2fsfdZ4COpI,1,Adam B,,adam b beats check out my page 2013
LneaDw26bFtdk45hGIs0TDD3NHx1srFG99yWWbEIXG0,1,Domen Kristan,,CHECK OUT THESE LYRICS /watch?v=yUTTX04oyqQ
z132g5pqsr3wi3x5s04cerbyxuipctqg0hk,0,scott boshaw,2015-05-21T19:57:17.180000,"I don&#39;t understand this song, I have had the passion for women feel like im losing my mind but i don&#39;t understand the ideas of loving the the way someone lies.....Ôªø"
LneaDw26bFsPpgYyHcGAJk2dyALknpZ1ITQKBmY32HI,1,Chelsea Cameron,,*****PLEASE READ*****  Hey everyone! I&#39;m a 19 year old student  who loves to sing.  I record and upload covers on my channel. I would love if you could check them out.  Just give me a chance. You don&#39;t have to thumbs up or subscribe (But you can if you like what your hear)  Just listen. I&#39;d really appreciate.  ~THANK YOU for your time. ~
z13zudmjvnayvjjfq232xdtghk33thhtk,0,Juan Aimar,2015-05-21T18:52:17.472000,Anybody else here in 2015?Ôªø
LneaDw26bFuiTZZU8HrWJPqWfqnrKTtUXy7-rTnPwfU,1,Lil M,,"Hi I&#39;m lil m !!! Check out love the way you lie!!!! My live performance and many others,,, videos and my own lyrics!!!!! Thanks"
LneaDw26bFuKZRaKv1u8jqanxsDr6RJraSjf2FfE1_Q,1,AdmiralMusclebeard,,I&#39;m subscribing to you just because your comment was that great.
z134i3ya3xn2cthzj04cef445l21ylwxzmc0k,0,Smitty Werben Jaggerman Jensen,2015-05-21T18:44:38.982000,I like the Mmph version betterÔªø
LneaDw26bFuULuFdET2q7Xmn9oRQXq3oLyk8736meZ0,1,Kate Hermamn,,Terrance. .thank you for serving our country. How do i &quot;like you&quot; or &quot;subscribe&quot;?
z13hijmrykjqerofg22ktxgzuw3yhrbgl04,0,Gerg≈ë ‚ÄúVlog14‚Äù Csatorn√°ja,2015-05-21T18:34:39.389000,Thumbs up if you listen this in 2015.Ôªø
LneaDw26bFvuJSk9kaYj6_W0OBzf4mgoIFuYUzJMheY,1,Brandon Thaler,,Hey everyone check out my channel leave a like and subscribe please and if there is a song you want me to do post the name in the comments and I will get on to it(: Thanks
LneaDw26bFtRu4tHavOZ4hr-PDVn2oz-9B1QtAfp6pc,1,david rodriguez,,do you want to make some easy money? check out my page tvcmcadavid.weebly . com dont miss out on this opportunity
LneaDw26bFu8afPj-GzbZYFHKXzdkhupARKxWs82nbQ,1,Dominic Randall,,Hi everyone. We are a duo and we are starting to record freestyles and put them on youtube. If any of you could check it out and like/comment it would mean so much to us because we love doing this. We may not have the best recording equipment but if you listen to our lyrics and rhymes I think you&#39;ll like it. If you do then please subscribe and share because we love making these videos and we want you to like them as much as possible so feel free to comment and give us pointers! Thank you!
LneaDw26bFuaZPTjLG-5OtrrXQgL6TPsWkeKzNnMJ0c,1,Unbeweavable Co,,For all you ladies out there......  Check out this link!  You&#39;ll find the hottest hairstyles and the latest trends for women!  Go to this site and you&#39;ll upgrade your hairstyles and fashion senses to a higher level!  Don&#39;t get left behind!     ---&gt;   goo.gl\BxrOSR
z13eenia5rqwhvmyw04cgt441wapvbkakzo0k,0,faisal joy,2015-05-21T18:24:19.018000,Hi I am from bangladesh üíúÔªø
z13isrygru30wbjmy23refqxdzizyp3xy04,0,Ala Fatah,2015-05-21T18:00:06.674000,Is that Megan Fox?Ôªø
z12yupsicr33xvw5p04cglpwizi2tboyzgc,0,T MAN,2015-05-21T17:41:48.433000,Fire..Ôªø
LneaDw26bFtpMGuaegzvwo3PCtnpRUXnTXAHz_DzpKA,1,GhostPoet100,,EMINEM FANS!!!  - Check Out The New Song &quot;FEELIN&#39; GOOD&quot; By J-D-P  Just Click The &quot;GHOSTPOET100&quot; Link Above This Post  Thank You All...
LneaDw26bFtLCuPUezUBnuN6f0sN3V3nso0Yllu9mKU,1,Terry-Lee Mackenney,,Hi Guys im an Upcoming Rapper if you could check out my channel and tell me what you think maybe subscribe or like i would really appreciate it all HATERS are welcome to :) thanks
LneaDw26bFvq7Rq_343ImPD-uDHf2clFCLMRkYqXPX4,1,Tiffanythebest,,"CHECK OUT THIS NEW VIDEO I MADE CALLED &quot;WE LOVE MIND MASTER IT&quot;, THANK U SO MUCH "
z13gdjzydor2enadz23ezhxpyxilvrtak04,0,Gail Weir,2015-05-21T16:53:59.328000,I love the way you lieÔªø
LneaDw26bFvk4DAhUcCJKLzujguS_mf4eS_LdZjARzE,1,M.E.S,,hey its M.E.S here I&#39;m a young up and coming rapper and i wanna get my music heard i know spam wont get me fame. but at the moment i got no way of getting a little attention so please do me a favour and check out my channel and drop a sub if you enjoy yourself. im just getting started so i really appreciate those who take time to leave constructive criticism i already got 200 subscribers and 4000 views on my first vid ive been told i have potential
z12uxxzoxvexs1mdr23yvddbpl33gr4mf,0,Chris Bieber,2015-05-21T15:55:45.911000,Love the way you lie II is nicer in my opinion. :DÔªø
z12kylpz1wzwgt0pd04cjptp4wjxjdeotnk0k,0,Levi Cole,2015-05-21T15:03:22.787000,Almost to a billion :)Ôªø
z12uefkbwv2md3dbz04cg3yoqp2ngfgibqg0k,0,Ashley Jsade,2015-05-21T14:36:34.512000,If you are a person that loves real music you should listen to &quot;Cruz Supat&quot;<br />He is awesome as fuck!!! Just as eminem used to be.Ôªø
LneaDw26bFvxJlVsbYMPkvV3LnT9JOJjEg5OsTN9pMo,1,Josh Dummett,,Also check out D.j.j where do i go now and road to recovery
z121z5mziy20ybch504cdziq1rvcev5apg4,0,Furashious,2015-05-21T12:41:55.505000,Charlie got off the island and dated Megan Fox? b-but what about claire?Ôªø
LneaDw26bFtl5IRz0aJhyk-Id8DQ1p28SKectuNzbmE,1,Davide Puzzanghera,,Hi guys ! !  Check Out My Remixes ! !  Thanx You&#39;re Great ! ! SWAG ! !
LneaDw26bFuk1aaBCiVITRxuEwAmzBtVcQi3QZSFkYY,1,AvidorFilms,,"Please check out my youtube channel! Just uploaded my first youtube video please check it out, you will not regret it!"
z12qy53q0kfzxby4304cflvpxnr1gxjrlrg0k,0,nepart maxx,2015-05-21T11:46:27.413000,Eminem best rapper all the timeÔªø
z12rdtlarmrzxhuba04cibjomsiqi3ij00g,0,Paul Buxton,2015-05-21T11:12:22.066000,Omg! This guy sounds like an american professor greenÔªø
z123wdtwhmnngjhat04cgtu5oyibstyopnw0k,0,vZoqwa,2015-05-21T09:48:06.926000,thumbs up if you think this should have 1 billion viewsÔªø
z13eznubuwixt3aae04cgb150t2nup2ba3o,0,Vence Cerbo,2015-05-21T09:19:36.091000,Lemme Top Comments Please!!Ôªø
z12kf5dyltrijhepb04ccltibzijd5wa1mc0k,0,liu hui (dukegod),2015-05-21T05:12:43.987000,i love this songÔªø
z13ihhrakmndxblzo04chpp53nn2xbja1fc,0,Emma Halbrook,2015-05-21T04:46:05.790000,My favorite song üíóüíóüíóüíóÔªø
LneaDw26bFuYnpb0cG3d_koRWn2FHQ6OFrPiqjFHeEs,1,Beats ProdByATHS,,tryna work with some rappers check out the ones i already have on my channel
LneaDw26bFt75QYI94b9j7RqQCUgwrDwiHbnb1uwpxo,1,RaMpAgE420,,Check out Berzerk video on my channel ! :D
z13ehf4g5z2rivxhm04cfjdyhl2kwljzsjs,0,Andr√©s Nu√±ez,2015-05-21T02:11:54.710000,superÔªø
LneaDw26bFuisc-qZu0BerSXLLjgKlxUD59lcMA8W_E,1,Stricker Stric,,eminem new song check out my videos
z12jt1dbdpbvzzyi304cdxr4cwqkgrild,1,Susan Ambs,,Check out this video on YouTube:Ôªø
LneaDw26bFsNko3TEEPMTxWPlFophSSKkSqvjRsENU8,1,arrgh garry,,"My friends wife earns 4000DOLLARS a month ,you can do it do if you want to be a wwhore ,you can not get these type of wages for working from home on a PC taking surveys ...dont believe that shit,just because yahoo and other are taking their money does not mean they are LEGIT ..Please like this so the MSG gets thru to vulnerable  people Like eminem used to be "
LneaDw26bFuUhekP0nDAiaqnW5sf4OD14dIjY-1o63c,1,RapStarz Coleman,,Subscribe To M√™ Please Guys
LneaDw26bFvRgBzOd9MQ1jh0Cmt8vuPTQvOZboi-s24,1,Nicholas Reed,,"this is the 4th most watched video on youtube. and hes the 21 most subscribed channel on youtube, just recentley surpassing justing bieber and is less then 1,00 subs away from beating taylor swift"
LneaDw26bFsMrQMk1vC-RxTxjmpFlt5sKz8Vo1_wIas,1,M.E.S,,hey its M.E.S here I&#39;m a young up and coming rapper and i wanna get my music heard i know spam wont get me fame. but at the moment i got no way of getting a little attention so please do me a favour and check out my channel and drop a sub if you enjoy yourself. im just getting started so i really appreciate those who take time to leave constructive criticism i already got 200 subscribers and 4000 views on my first vid ive been told i have potential
z12gdzyrqwvtvxfek230jnvp1zf4hjl3w,0,Carolina Sanchez Cifuentes,2015-05-21T01:06:57.289000,Love youÔªø
LneaDw26bFtHv3jHn8C0y5MliNA2oqkPogUL4HmsZPQ,1,Lil M,,Lil m !!!!! Check hi out!!!!! Does live the way you lie and many more ! Check it out!!! And subscribe
LneaDw26bFt-gGO-C3czQDS4cqE7xJfKoKqWmMIlSWc,1,HOTFUZZOFFICIAL,,"Hello to everyone! Please check out my video: /watch?v=2b4WyWpHi8c It takes just 2 minutes, hope I don&#39;t ask too much. If you can&#39;t help me just Like &amp; Share the video please, so more people will see it. Thumbs UP, it would mean so much to me, maybe will make my dream come true. Thanks to everyone, GOD BLESS YOU ALL!"
LneaDw26bFuFgDF5yE6Udiuv2lqie4iaimFPdN7rvYk,1,Nikola Vejionvic,,/watch?v=aImbWbfQbzg watch and subscrible
z12qg5voponpgxwot04ci3txdw24ejr431g,0,Jp Galeanoo,2015-05-21T01:05:43.761000,I¬† love you EminemÔªø
z13pup2w2k3rz1lxl04cf1a5qzavgvv51vg0k,0,geraldine lopez,2015-05-20T23:44:25.920000,love the you lie the goodÔªø
z121hftrpqicztwq404cjvvzknqoupxxsxw0k,0,Daniel Tabatabai,2015-05-20T22:58:46.199000,still listening in 2015Ôªø
LneaDw26bFuADByLeh7RnEltROTIUCqeYYXmt51DT2g,1,M.E.S,,hey its M.E.S here I&#39;m a young up and coming rapper and i wanna get my music heard i know spam wont get me fame. but at the moment i got no way of getting a little attention so please do me a favour and check out my channel and drop a sub if you enjoy yourself. im just getting started so i really appreciate those who take time to leave constructive criticism i already got 200 subscribers and 4000 views on my first vid ive been told i have potential
z12jy5544qedxbgfq235ufyqbxqkzxbjl04,0,Brian Fletcher,2015-05-20T22:52:14.890000,Eminem rocks!Ôªø
LneaDw26bFsw47hS3RAHCBj_uNPFQNZVbUVyx5Rh9zk,1,KOZZI RAP,,CHECK OUT MY YOUTUBE VIDEOS FOR FUNNY AND COOL RAP
z13mxl3zavzfc55as04ccf4ifo2textrofs,0,Honesty Wright,2015-05-20T19:58:06.997000,hay my is honesty wright i am 12year old  i love your song thank you for makeing this song i love this song so much sometime harts can get breaken  people kill  they self or go cazzy i  love you so much thanks üò±üëèkeep on go  make  sure you doing your   dream is comeing rule  good luckÔªø
z12midepsoiuxzmh304cjt0ihn3js1k4f1c,0,Marcellus Scates-nash,2015-05-20T19:58:01.440000,awesomeÔªø
z12pwjsybq35ux1kd22cddmjpunribtzf04,0,Ikram Riani,2015-05-20T18:53:35.943000,I lovetÔªø
LneaDw26bFv9y-1cf9oawnpCocMFtK6HXTRuoffJR2k,1,Complete Pranks,, Subscribe and like my video please
LneaDw26bFs2GO5DvyLUXUhG7rNJ-Gb4pMhtnYgCRmY,1,ryan cooper,,subscribed :) btw you have a good style keep it up brother :))
LneaDw26bFvwhMGEs3mKR9qcJjIwC7L04F9DEGkLQfY,1,Drake Gagne,,I KNOW YOU MAY NOT WANT TO READ THIS BUT please do  I&#39;m 87 Cypher an 11 year old rapper I have skill people said .my stuff isn&#39;t as good as my new stuff but its good please check out my current songs comment and like thank you for reading rap is my life
z12lxrwx2vmxwv4m422dz30wmzbjfji4r04,0,Joao Victor Canassa,2015-05-20T17:41:30.002000,Charlie from Lost!Ôªø
z12mwbgxhxvjez3xb04cg1wxrvnytzrq5kk0k,0,Mortal 2,2015-05-20T16:32:56.261000,Eminem THE BEST !Ôªø
LneaDw26bFtxoMQMT4RjErJZWpjMtHBcA7QsnHKvXRI,1,jacobvine2000 .,,"Usually guys I would vote people like this down but actually check out his channel, it reminds me of a smaller version of 8 mile. Give this guy a chance since everyone has to start somewhere!"
z13mchmibkr2irldm235xnn5umjruplia04,0,Vevo Ny,2015-05-20T15:34:47.099000,‚ù§Ô∏è‚ù§Ô∏è‚ù§Ô∏èÔªø
LneaDw26bFt3FLe7NEx2Gc7jToE3LwT1LrpIpyY48E8,1,KOZZI RAP,,hello friends. i am a young 15 year old rapper trying to make something out of nothing..Please can you take a second of your life and check out my videos and help me reach my Dreams! GoD Bless YOU
z12ahr2ittmsjrtpd04ccrqiklvvu3uqiew,0,Giovanni Satta,2015-05-20T09:10:44.658000,beautiful song!Ôªø
LneaDw26bFsYJ3OzV2q22gR6I5MvSlIF8ve1WpZHnqg,1,KOZZI RAP,,CHECK OUT MY CHANNEL BOYS AND GIRLS ;)
LneaDw26bFtlox7jDN60_ys-XolAIlgwwc5y6aEKR68,1,M.E.S,,hey guys i know its annoying getting spammed sorry bout that but please take a moment to check out my channel  IM A RAPPER with DECENT skills. i want to share my music with more people so take a listen   THUMBS UP SO MORE CAN SEE THIS
z12gzbzzzkvwtj5zr04cjf4q0yeztldz4ic,0,Hazeandrymojilip Hazeandrymojilip,2015-05-20T03:47:31.476000,best rap everÔªø
z13gcjvh2naxyvshh04cjldgtpnyfrdylq40k,0,Aubone LeMieux ,2015-05-20T03:15:39.925000,I lover this song
LneaDw26bFuDsbyypF_jwmq7b6BqQPB7BdLbhfqBU5c,1,M.E.S,,hey guys i know you wanna skip over this but please take a chance and check out my music I&#39;m a young up and coming rapper with a big dream and i appreciate constructive critisism. so please have a look thank you for your time
z12njnpwmuyxzrslm22ly1awll2dufkvi,0,Isabel Flores,2015-05-20T00:49:34.070000,Love your songs<br />Supper cool<br />Ôªø
z13osfmj5m2kj1cb504cjrdbyvzijtu4gtk0k,0,Harl Bever,2015-05-19T23:23:30.286000,I like the music...but is anyone listening to the lyrics?Ôªø
LneaDw26bFs2eQd05L_J9wVmiBlCClqLnM0JUQsB-3Q,1,YungDreams,,Maybe no one will probably read this. But just in case you do Can You Put A &quot;Thumbs Up &quot;So Others Can See. I Just started rapping seriously (Type in Lunden- 1990 Video) just a simple button? can help my dreams come true. people will ignore this but if you don&#39;t can you listen and subscribe Thank you all God Bless.
z12acz2r2qiwxtpwy04cihii5rmwefpzeao,0,InfernoGaming,2015-05-19T23:19:47.316000,:DÔªø
LneaDw26bFtvkPwGL4MxnAUFaIznH1ZWx7z_qBOoe5Q,1,Trey Curling,,Check out my channel for some lyricism.....
z13tjzdqhsmvvh2kr22isbsg1nmydd51v,0,Earline Craver,2015-05-19T22:35:44.690000,Me and my big sister like youÔªø
z12hc5yiuwr2sxml3230sxo4tofwftg1b,0,TheFegi12,2015-05-19T22:30:57.239000,Not badÔªø
z132ebdhkwbauzogm04cfzm5oqigzzlxznc0k,0,cristina virrueta,2015-05-19T21:51:44.586000,I love eminem  &lt;3Ôªø
z12aczswnozdwrfnj22usfnxymiaylupi04,0,nataly gonz√°lez,2015-05-19T21:49:18.833000,She looks like Megan Fox¬†üòÇ xD!!Ôªø
LneaDw26bFs4Mo3Kr9O93YAlCksPNemAPve_W-ivuMc,1,RapStarz Coleman,,Hey Go To My Channel Check Out My Dongs Thanks YouTuber&#39;s
z12xc1aydoauenbgx04cgfkazxrpur2i52o,0,Nicky G,2015-05-19T20:56:00.184000,is that megan fox?Ôªø
z125dnzbqpyqxlghe04cdxsgaxnovjvbxq00k,0,Uday Kanwar,2015-05-19T19:30:58.135000,You can not hate eminem and nirvana...trust meÔªø
z12gcfvpsr3au3vg104cdpw5rvbivre5aeg,0,Jorge Salazar,2015-05-19T18:13:35.054000,Like eminenÔªø
LneaDw26bFsZrH_q8nAlrNCOT1Zadc4j8zPu-ZPpwIE,1,Stacy,,check out my playlist
LneaDw26bFv1lZ_yx4_HlVx6xNa0xuiUmgoIsxkWJ3E,1,seven4justice,,Media is Evil! Please see and share: W W W. THE FARRELL REPORT. NET  Top Ex UK Police Intelligence Analyst turned Whistleblower Tony Farrell exposes a horrific monstrous cover-up perpetrated by criminals operating crimes from inside Mainstream Entertainment and Media Law firms. Beware protect your children!! These devils brutally target innocent people. These are the real criminals linked to London&#39;s 7/7 attacks 2005.  MUST SEE AND MAKE VIRAL!!! Also see UK Column video on 31st January 2013.
LneaDw26bFsnP4vz8waC3hOcYwvM83aoMLyetymm5Io,1,McCostaOficial,,subscribe to my channel who can
z13gxxlhyrmccf10422gdrogiwbjtfwjb04,0,Ahmed Medhat,2015-05-19T15:23:47.680000,Simply rap godÔªø
z13auv44szqpddlcz22qgthjakq4jvnbw04,0,clirim99,2015-05-19T12:13:44.952000,is that megan fox x:D?Ôªø
z13gut3rexalj5q5c04ciln54nynvjwyinw0k,0,Sonny Carter,2015-05-19T11:11:27.740000,I love this songÔªø
LneaDw26bFtn6YS8GRfHBxoaZZI5newNd0njNOSeF84,1,canku alkan,,check out my new EM cover video trailer
z12eilv44ynefj2ys04cj5vhynakxbnwrdk,0,BAT MAN,2015-05-19T10:33:12.247000,Really good song .<br />you know love song song.Ôªø
z12vx3kz4lq3cnsiu04cejd5bne1gxnjbqo0k,0,Str8 Royalty,2015-05-19T09:46:37.599000,Eminem is the greatest artist to ever touch the mic.Ôªø
z12lhvxwjyzperfrk04cg13yoyjefnv5hy40k,0,BEER BEER,2015-05-19T09:42:56.560000,i love Rihanna üòçüòçüòçüòç[‚ôßfrom Thailand‚ôß]Ôªø
z13zjp3povzzsp3xi04cgvtgwpfiy1faigo,0,dimitar traykov,2015-05-19T09:35:31.114000,some classsic :))))Ôªø
LneaDw26bFvEGhYWZTzIRiff9BXME_JsdLXh4hiJEqo,1,Daniel Ebrey,,sorry for the spam yall I know it‚Äôs annoying. But if you can spare a min please check out the new track on my channel i&#39;m a upcoming uk rapper.please come check out my songs u might like em. If not no worries I‚Äôm sorry for wastin your time. Even thumbs up to get more noticed will really help. peace yall
z13vxnwwdxjqtlp5v04chjpw1waps5rrbqo0k,0,Punk 0utlaw,2015-05-19T06:14:30.089000,"This song is like an oreo, the black part is good but the white part is betterÔªø"
z13zejcafsrodf5f522xgn0xzonselufv,0,Daniel Harding,2015-05-07T22:59:13.323000,That guy charley of lost TV showÔªø
LneaDw26bFvJWycbUHAiKy7i7L14RqXWenvvcJhwbQE,1,David Bottenberg,,subscribe to my channel  /watch?v=NxK32i0HkDs
LneaDw26bFsFwQBcbaeKWWcSsBB7EA1zRf2nBgT9NyY,1,Ashim Limbu,, HI IM 14 YEAR RAPPER SUPPORT ME GUY AND CHECK OUT MY CHANNEL AND CHECK OUT MY SONG YOU MIGHT LIKE IT ALSO FOLLOW ME IN TWITTER @McAshim for follow back.
z13zfhkhfzrpjhgku22ewbtj4quri3izo04,0,Amaral Shady 013,2015-05-07T22:43:51.220000,Hello Brazil üòª‚úåüíìüòªüëèÔªø
z12msjqximryxdfz104cjhbhtw2ld5ipsh4,0,SIR JOHN,2015-05-07T02:28:12.704000,EMINEM the best EVER.Ôªø
LneaDw26bFvn1m3oQLlCgsaxLcEy_eMQzcK9NAbyaew,1,M.E.S,,hey guys look im aware im spamming and it pisses people off but please take a moment to check out my music.  im a young rapper and i love to do it and i just wanna share my music with more people  just click my picture and then see if you like my stuff
LneaDw26bFv4NFg1m91sL1Aq1p-2N06VweQT4vOwTqc,1,Ando Nesia - | MC | Music Producer,,DO YOU KNOW HOW SEAN KINGSTON GOT FAMOUS WHY DON&#39;T YOU LOOK IT UP KID BEFORE YOUR SO HARD ON YOURSELF!!  IF YOU HIT ME UP WITH A MESSAGE IN MY INBOX AND SUBSCRIBE I WILL CHECK OUT YOUR CHANNEL....SOUNDS FAIR TO ME.
z12wvru4rzf5jx0wj04cgx5q1qi1w554ba0,0,Erin Williams,2015-05-06T17:19:21.193000,Best. Song. EVER üôåÔªø
LneaDw26bFsVQRSG0ecctIfRIn4Od1tJqvnhDwCNqbI,1,the34104,,check out eminem latest track survival if u didnt
LneaDw26bFu3RCmyrWyP9S6wh1h9dBv3X95g1HzKAb4,1,Dany PK,,SUBSCRIBE TO MY CHANNEL X PLEASE!. SPARE
LneaDw26bFsD65dtIvAEObWYIYnFTqQDKBek_Ypz3J8,1,SmexyFriedChicken,,Check out my videos guy! :) Hope you guys had a good laugh :D
LneaDw26bFuvs-8oWkLpAFa6g3QHpWD8k7sbbMP3Bg8,1,The Guy That's Done Everything,,3 yrs ago I had a health scare but thankfully I‚Äôm okay. I realized I wasn‚Äôt living life to the fullest.  Now I‚Äôm on a mission to do EVERYTHING I‚Äôve always wanted to do. If you found out you were going to die tomorrow would you be happy with what you‚Äôve accomplished or would you regret not doing certain things? Sorry for spamming I‚Äôm just trying to motivate people to do the things they‚Äôve always wanted to. If you‚Äôre bored come see what I‚Äôve done so far! Almost 1000 subscribers and I just started!
z12hfp2wmyuqztkw504cgblyxtbsxjuzeow0k,0,Jesse Pinkman,2015-05-06T11:42:44.601000,Rihanna looks so beautiful with red hair ;)Ôªø
z13tsbc5vvn0hdozz04chjt51lq1cvris0k,0,Gaming Gaming,2015-05-06T10:56:35.972000,857.482.940 views AWESOME !!!!!!!!!!!!!!!!!!!!!!!!!!!!!!!!!!!!!!!!!!Ôªø
