LZQPQhLyRh80UYxNuaDWhIGQYNQ96IuCg-AYWqNPjpU,1,2013-11-07T06:20:48,Julius NM,Hey guys check out my new channel and our first vid THIS IS US THE  MONKEYS!!! I'm the monkey in the white shirtplease leave a like comment  and please subscribe!!!!
LZQPQhLyRh_C2cTtd9MvFRJedxydaVW-2sNg5Diuo4A,1,2013-11-07T12:37:15,adam riyati,Hey guys check out my new channel and our first vid THIS IS US THE  MONKEYS!!! I'm the monkey in the white shirtplease leave a like comment  and please subscribe!!!!
LZQPQhLyRh9MSZYnf8djyk0gEF9BHDPYrrK-qCczIY8,1,2013-11-08T17:34:21,Evgeny Murashkin,just for test I have to say murdev.com
z13jhp0bxqncu512g22wvzkasxmvvzjaz04,1,2013-11-09T08:28:43,ElNino Melendez,me shaking my sexy ass on my channel enjoy ^_^ Ôªø
z13fwbwp1oujthgqj04chlngpvzmtt3r3dw,1,2013-11-10T16:05:38,GsMega,watch?v=vtaRGgvGtWQ   Check this out .Ôªø
LZQPQhLyRh9-wNRtlZDM90f1k0BrdVdJyN_YsaSwfxc,1,2013-11-26T02:55:11,Jason Haddad,Hey check out my new website!! This site is about kids stuff. kidsmediausa  . com
z13lfzdo5vmdi1cm123te5uz2mqig1brz04,1,2013-11-27T21:39:24,ferleck ferles,Subscribe to my channel Ôªø
z122wfnzgt30fhubn04cdn3xfx2mxzngsl40k,0,2013-11-28T12:33:27,Bob Kanowski,i turned it on mute as soon is i came on i just wanted to check the  views...Ôªø
z13ttt1jcraqexk2o234ghbgzxymz1zzi04,1,2013-11-28T16:01:47,Cony,You should check my channel for Funny VIDEOS!!Ôªø
z12avveb4xqiirsix04chxviiljryduwxg0,1,2013-11-28T16:30:13,BeBe Burkey,and u should.d check my channel and tell me what I should do next!Ôªø
z13auhww3oufjn1qo04ci3grqqjmfjexxuo0k,1,2013-11-28T17:06:17,Huckyduck,Hey subscribe to meÔªø
z13xit5agm2zyh4f523rst2gowmbx5bml,1,2013-11-28T17:34:55,Lone Twistt, Once you have started reading do not stop. If you do not subscribe to me  within one day you and you're entire family will die so if you want to stay  alive subscribe right now.Ôªø
z13pejoiuozwxtdu323dspopnri4xts0f,1,2013-11-28T17:54:39,Archie Lewis,https://twitter.com/GBphotographyGBÔªø
z121zxaxsq25z5k5o04ch1o5jqqfij3gtm40k,1,2013-11-28T18:12:12,TheUploadaddict,subscribe like commentÔªø
z12oglnpoq3gjh4om04cfdlbgp2uepyytpw0k,1,2013-11-28T19:52:35,Francisco Nora,please like :D https://premium.easypromosapp.com/voteme/19924/616375350Ôªø
z13phrmwrkfisn5er22eyrbpbvaiwfvwf04,1,2013-11-28T21:14:13,Gaming and Stuff PRO,Hello! Do you like gaming art videos scientific experiments tutorials  lyrics videos and much much more of that? If you do please check out our  channel and subscribe to it we've just started but soon we hope we will  be able to cover all of our expectations... You can also check out what  we've got so far!Ôªø
z13bgdvyluihfv11i22rgxwhuvabzz1os04,0,2013-11-28T21:49:00,Zielimeek21,I'm only checking the viewsÔªø
z13vxpnoxsyeuv2jr04cctprprb1slnxdf4,1,2013-11-28T21:55:02,OutrightIgnite,http://www.ebay.com/itm/171183229277?ssPageName=STRK:MESELX:IT&amp;_trksid=p3984.m1555.l2649 Ôªø
z12qth5j0ob1fx3q404chvy4fz32tbkpllk0k,1,2013-11-28T23:57:13,Tony K Frazier,http://ubuntuone.com/40beUutVu2ZKxK4uTgPZ8KÔªø
z13etj0bclzfztuwc04cgfvrgmf3fvjor1g,1,2013-11-29T00:22:01,Jose Renteria,We are an EDM apparel company dedicated to bringing you music inspired  designs. Our clothing is perfect for any rave or music festival. We have  NEON crop tops tank tops t-shirts v-necks and accessories! follow us on  Facebook or on instagraml for free giveaways news and more!! visit our site  at OnCueApparelÔªø
z12axnji5w2axxht522thb3bktvqjdlbp04,0,2013-11-29T02:13:56,zhichao wang,i think about 100 millions of the views come from people who only wanted to  check the viewsÔªø
z13ozdmr4lf3uzc5z04cix2zkyjzgvcyemw0k,1,2013-12-01T01:20:21,Carlos Thegamer,subscribe to my channel people :DÔªø
z12ohdxjtsatvppjb04cctprprb1slnxdf4,1,2013-12-01T03:30:55,OutrightIgnite,Show your AUBURN PRIDE HERE: http://www.teespring.com/tigermeathoodieÔªø
z12ntlcqht2bvjewi04cf1up0xjvs5lq3mc0k,0,2013-12-01T04:51:52,Owen Lai,just checking the viewsÔªø
LZQPQhLyRh9EXArr4ZnVcDonSbvSMHKYOT24e_qR6fE,1,2013-12-23T12:54:38,||GuitarZ||,CHECK OUT MY CHANNEL
LZQPQhLyRh9y57URF7qpZRk3MVAJNLNhhZga_5YWBU8,1,2013-12-25T19:46:26,Living4Techno,marketglory . com/strategygame/andrijamatf earn real money from game
LZQPQhLyRh9vw01Xvvw5yWzZEUOPG1hSgRMHep55-Yw,1,2013-12-27T23:07:50,8-BitMusic,Hey guys! Im a 12 yr old music producer. I make chiptunes and 8bit music.  It would be wonderful if you checked out some of my 8bit remixes! I even  have a gangnamstyle 8bit remix if you would like to check that out ;)  Thanks!!
z13kszcinpnvc34v2234fnpxkpmlw3nhc04,1,2014-01-19T00:21:29,Kyle Jaber,Check me out! I'm kyle. I rap so yeah Ôªø
z13tj514otzlurfbc04ccjwhrnmej1iihqw0k,0,2014-01-19T00:36:25,Brandon Pryor,I dont even watch it anymore i just come here to check on 2 Billion or notÔªø
z13zvh1rmk3cf3mby04civbq5mjtddmbysk0k,1,2014-01-19T00:42:35,Fun&amp;Hacks,Subscribe to me for free Android games apps.. Ôªø
z120y3ribybzdf3fj23sf1rpgq3cex0sh,1,2014-01-19T04:21:11,Young Hittaz,everyone please come check our newest song in memories of Martin Luther  King Jr.Ôªø
z13autsqgzblcx3w104chr4r2kexd10rxc0,0,2014-01-19T04:27:18,DropShotSk8r,Came here to check the views goodbye.Ôªø
z12wvpxppxz3ifk3j224cbsgqraherzrg04,1,2014-01-19T08:55:53,ElepticRage,sub my channel for no reason -_-Ôªø
z121e3zq5kj3ip2ch22ks3vwekuaibrgc04,1,2014-01-19T10:31:10,Joengz,"Check out my dubstep song ""Fireball"" made with Fruity Loops. I really took  time in it.  /watch?v=telOA6RIO8oÔªø"
z13kxpqqssa0hlryd04cc1dxeyyngljjngk,0,2014-01-19T13:25:56,Tasha Lucius,2 billion....Coming soonÔªø
z13iuzxwamqhzppyp04cdz1amyzpfdnpdns0k,0,2014-01-19T16:15:54,Jason Provencal,Why dafuq is a Korean song so big in the USA. Does that mean we support  Koreans? Last time I checked they wanted to bomb us. Ôªø
z12txle43yfhvt0f323eghbxivmuytieq,1,2014-01-19T16:49:52,Kiddy Kidso,Check my channel please! And listen to the best music ever :PÔªø
z13zj1grjzqhhxzlj23gdpzaovunwnn0f,1,2014-01-19T17:20:58,HamzaMurt | Advanced Warefare | Lets Play!,SUB 4 SUB PLEASE LIKE THIS COMMENT I WANT A SUCCESFULL YOUTUBE SO PPLEASE LIKE THIS  COMMENT AND SUBSCRIBE IT ONLY TAKES 10 SECONDS PLEASE IF YOU SUBSCRIBE ILL  SUBSCRIBE BACK THANKSÔªø
z13csdop4venytrru04cf11q1wmbdvkrfpo0k,1,2014-01-19T17:25:23,ii Trollercopter, Hey everyone!! I have just started my first YT channel i would be grateful  if some of you peoples could check out my first clip in BF4! and give me  some advice on how my video was and how i could improve it. ALSO be sure to  go check out the about to see what Im all about. Thanks for your time :) .  and to haters... You Hate I WINÔªø
z13ce52jzwfitrkup23din4ojputijen3,1,2014-01-19T19:21:04,Eugene Kalinin,The projects After Effects Music Foto Web sites and another you can find  and buy here  http://audiojungle.net/user/EugeneKalinin/portfolio?ref=EugeneKalininÔªø
z13phfyxhovav1hl122bf5iidumufzbel,1,2014-01-20T02:50:44,Cody Tolleson,YouTube/codytolleson for awesome videos I'll subscribe back Ôªø
z13xytyybsypw34yv04cc33xkke1grugh2w,1,2014-01-20T04:45:34,cake cat,if you like roblox minecraft world of warcraft gta5 mario suscribe to my  channelÔªø
z13vsbcjwrybe3hsf23sgvnxfr3zxnion04,1,2014-01-20T06:16:28,World327RS,SUBSCRIBE TO ME AND I'LL SUBSCRIBE TO YOU! (Must like - cZFcxsn0jnQ) Ôªø
z12jvnua2tifirkvk23cfjtpxwmgxfch004,1,2014-01-20T06:57:25,Didier Drogba,http://www.twitch.tv/jaroadc come follow and watch my stream!Ôªø
z13stv3brxe1snv2i225fnvganneudej004,1,2014-01-20T09:08:39,MFkin PRXPHETZ,if you like raw talent raw lyrics straight real hip hop Everyone check my newest sound  Dizzy X - Got the Juice (Prod by. Drugs the Model Citizen)   COMMENT TELL ME WHAT YOU THINK  DONT BE LAZY!!!!  - 1/7 ProphetzÔªø
z12ktfsarrv0wdj3p22ifbxz3zn2fthhw04,1,2014-01-20T10:12:07,Dave X,....subscribe......  ......to my........  .....channel.......Ôªø
z121znjjloycwtjf2233dfo5esfggn3lj,0,2014-01-20T13:03:12,crestpee,now its 1884034783 views! pls. comment the view count the next hour :PÔªø
z125zbmwryjwxzx4504cfjzwbtztuvkif3c,1,2014-01-20T15:10:27,Leonardo Baptista,http://www.avaaz.org/po/petition/Youtube_Corporation_Fox_Broadcasting_Company_Anular_os_strikes_no_Canal_Nostalgia/?cXPZpgb Ôªø
z12stpyqaonsercxw04cjbr4dlnrxd34soo0k,0,2014-01-20T15:27:47,Phuc Ly,go here to check the views :3Ôªø
z13nvr2xayrwffsio04cj3zwyuf3vb1imdg,0,2014-01-20T16:15:09,Milan George,thumbs up if u checked this video to see hw views it gotÔªø
z13uzhdomzvbffvwa04cgplq2zewfz2hm2k,1,2014-01-20T16:41:27,Kirsty Brown,Plz subscribe to my channel and I will subscribe back xxÔªø
z13ucxa51rnftvu2j22if5oihq2qipjlp,0,2014-01-20T17:08:37,Kochos,i check back often to help reach 2x10^9 views and I avoid watching BabyÔªø
z120grixiomvyvbga04cfl24csz5jf4zzuc0k,0,2014-01-20T17:22:53,eSkiip,This video will get to 2 billion just because of people checking if it has  hit 2 billion yet.Ôªø
z13gevgohyzktbztz22mcrcpntfxvpvan04,1,2014-01-20T17:29:52,Wumrogue lite,https://www.facebook.com/pages/Brew-Crew-2014/134470083389909 Like this  facebook-page! Chance to win an Iphone 5S!Ôªø
z12gy5tb2kase1nix04cipry3mf1wh5grko0k,1,2014-01-20T17:58:46,Ruddy Tapia,get GWAR to play 2015 superbowl  http://www.change.org/petitions/the-national-football-league-allow-gwar-to-perform-the-2015-super-bowl-halftime-show#share Ôªø
z13hxl3yoqmlvdlnu23atlqgsoyevlsse,1,2014-01-20T18:52:12,Artsi,Pls follow this channel!! http://www.twitch.tv/sevadusÔªø
z12gv5qoconqsbe0h221wljgmwe4v1nmu,1,2014-01-20T20:00:55,ProsGamerOnly,hi guys check my youtube channelÔªø
z13eepr4dyjet34pt04cgr1rctvwsvqwqso0k,1,2014-01-20T20:23:35,JP Jochem,Subscribe and like to me for more how to videos on minecraft!Ôªø
z121st5w5k3ui1veg22zirn4gkr5tby2v,1,2014-01-20T20:35:56,Jdidk Loma,http://tankionline.com#friend=cd92db3f4 great game check it out!Ôªø
z13osnp4hnzry1o15224yfzbotr0epxqk04,1,2014-01-20T21:11:52,BaconBro HD,Subscribe ME!Ôªø
z12rgllzmwnfuba4h04ch3njgy2fg3ryerg0k,0,2014-01-20T22:20:59,Eanna Cusack,Im just to check how much views it hasÔªø
z12rc1ebfvrmufz5w04ccl2pmt3ih5dymq40k,0,2014-01-21T02:09:22,fastestghost,The first comment is chuck norrus ovbiously :DÔªø
z13mcpkzpoz1hj3o304cfd3oouf2tj1rnk40k,0,2014-01-21T02:29:43,StuntmanGaming,Behold the most viewed youtube video in the history of everÔªø
z121cnnzhsybzjkt122nsviacsekvvt1r,0,2014-01-21T03:16:46,Master Chief,when is this gonna hit 2 billion?Ôªø
z125gx4g5wemgtyvr23ryvlrbxjvwl2mi,0,2014-01-21T03:18:31,David Bell,the most viewed youtube video of all time?Ôªø
z12lzbu4iymmvjgj004cdjaonunljbjwwo00k,0,2014-01-21T07:33:30,virgie natividad,969210 dislikes like dislike themselvesÔªø
z13kvvkixzvadn5ii04chnnbsvn3w1pq5dk,0,2014-01-21T08:22:06,asd ad,psy=koreanÔªø
z13zz3cjwmztcni0p23ug3vb0pasfvzqc04,0,2014-01-21T09:03:36,Dymetex,"OMG this oldspice spraytan party commercial omg....i'm sitting here ""NO  this isn't a real thing is it? OMG"" Ôªø"
z12ifxrbkmaechwtt22jwryqmoaefhipf04,0,2014-01-21T13:39:13,MrTuizentfloot,This is the only video on youtube that get so much views just because we  want to see how much views it has. 1.000.000 every day I mean Most people  think a video is popular when it actually gets 1.000.000 views.Ôªø
LZQPQhLyRh_hbykd_Xw4oDROJbJTFrs-UbSB2xk8gRk,0,2014-01-25T19:36:25,OREOGAM3R,It's been back for quite a while now.
LZQPQhLyRh9U7Lv_DKpJ7lawpBCotxfgHzBy93Tk028,0,2014-01-27T19:36:00,LEONARDO CAETANO,2 Billions in 2014
z12eexphzo2uslizg04cirmywyzjdnm5gqc0k,1,2014-11-02T00:48:57,fab life,plz check out fablife / welcome to fablife for diys and challenges so plz  subscribe thx!Ôªø
z124fn5ahqnfdbxtg23ihlijyqjqtr1lk,1,2014-11-02T01:08:10,Oh 1080s,Sub my channel!Ôªø
z12lubwrvv35zpzub23ywxbbiuawjbalc,1,2014-11-02T05:06:46,Ariel Baptista,http://www.ebay.com/itm/131338190916?ssPageName=STRK:MESELX:IT&amp;_trksid=p3984.m1555.l2649 Ôªø
z13osfxhtkfmwpxue234z3wimzmcs1k2x,1,2014-11-02T12:04:36,Stefano Albanese,http://www.guardalo.org/best-of-funny-cats-gatti-pazzi-e-divertenti-2013-5287/100000415527985/ Ôªø
z12tcdxa5k3bsvtqh04ccnaqusj1vvfju3s,1,2014-11-02T14:33:30,Salim Tayara,if your like drones plz subscribe to Kamal Tayara. He takes videos with  his drone that are absolutely beautiful.Ôªø
z13gsp34uumcdje4q04civk54zr4wr0gxjc,1,2014-11-02T14:53:06,Lucky D.,http://hackfbaccountlive.com/?ref=4604617Ôªø
z123e1gg3zyuf30ox04cdtbzgmaby3ehjc0,1,2014-11-02T15:52:22,Lucas Trigo,WHATS UP EVERYONE!? :-) I Trying To Showcase My Talent To The World! I Have Over 3000 SUBSCRIBERS! I PROMISE! I Dont Suck! Please Spread My Covers Around SUBSCRIBE &amp; Share! Thanks so much for all your support! Lucas Trigo -Stay Awesome! Ôªø
z13ezz5zsz3pyhyip04cibtpwwbdejzrmlk0k,1,2014-11-02T16:17:11,TheHariiiii,-----&gt;&gt;&gt;&gt;  https://www.facebook.com/video.php?v=10200253113705769&amp;set=vb.201470069872822&amp;type=3&amp;permPage=1  &lt;--------Ôªø
z12ywjvgdtrhxdlz504cd1tquqvuhbs4abw,1,2014-11-02T17:27:09,Angel,Hi there~I'm group leader of Angel a rookie Korean pop group. We have four  members Chanicka Julie Stephanie and myself Leah. Please feel free to  check out our channel and leave some feedback on our cover videos (:  criticism is welcome as we know we're not top notch singers so please come  leave some constructive feedback on our videos; we appreciate any chance to  improve before auditioning for a Korean management company. We plan on  auditioning for JYP BigHit Jellyfish YG or SM. Thank you for taking time  out of your day to read this !Ôªø
z122f1fy5muwdxdxd04cexyxes3hh5hrifc,1,2014-11-02T18:34:03,Squir3,http://woobox.com/33gxrf/brt0u5 FREE CS GO!!!!Ôªø
z12jud4o3n34v5wph04ce3db0y2njn55gog0k,0,2014-11-02T20:00:37,Kaya Roberts,Admit it you just came here to check the number of viewers Ôªø
z12xxjkwevvjzvvms22xz3sjqovty3qip04,0,2014-11-02T22:48:21,Prim N.,Just coming to check if people are still viewing this video. And  apparently they still do.Ôªø
z13ydfww3ruysvtmv23muhspwqqjszwjc04,1,2014-11-02T23:25:44,James Ridge,Check my first video outÔªø
z13vs53zipmszf1ib04cerd5xlmzdz5qlzw0k,1,2014-11-03T14:38:53,Minecraft-Viasat,Check my channelÔªø
z13wzt5yezvhsboz104cjlkqalz0fpcglmk0k,0,2014-11-03T16:43:36,Alessio Siri,PSY - GANGNAM STYLE (Í∞ïÎÇ®Ïä§ÌÉÄÏùº) M/V: http://youtu.be/9bZkp7q19f0Ôªø
z135fnx4ntvdx1rzn04cih1ihmqtsrbzcno0k,1,2014-11-03T17:39:07,Backup Plus,Suscribe My Channel Please XD lolÔªø
z13dztbi0nnvdruas04cjrmjwrnvvd4jxjw,0,2014-11-03T19:09:40,Almighty Toffeebomb,Wow. Comments section on this still active. Not bad. Also 5277478 comments.  (Now 79)Ôªø
z13hgfzhnrj3sx0m222sfbo4drq1e5xyp04,1,2014-11-03T20:32:26,Meth Lover,http://binbox.io/1FIRo#123Ôªø
z12pzpvbfl2igbwhe04cihtpuwymvr5gvsg0k,0,2014-11-03T20:41:23,NstyIC Gold,Ching Ching ling long ding ring yaaaaaa Ganga sty FUCK YOU.Ôªø
z12wvpdwfzzkfrerq04civhigpqrcxmxjzc0k,1,2014-11-03T21:38:17,–ù–∏–∫–∏—Ç–∞ –ë–µ–∑—É—Ö–æ–≤,https://www.indiegogo.com/projects/cleaning-the-pan--2    please halp me  with my projectÔªø
z13tdv5jmlfpzj1rf04cd3ng4ljqjngxflg0k,1,2014-11-03T22:22:14,–ú–∏—Ö–∞–∏–ª –ü–∞–Ω–∫—Ä–∞—Ç–æ–≤,There is one video on my channel about my brother...Ôªø
z12ufn5puwnve3b2k22ntjqogym0fllgb04,1,2014-11-03T22:28:56,Angek95,Check my channel please!Ôªø
z13xslra3myri3jsn22hs1wxbyuvxplr004,1,2014-11-03T23:02:47,Arianna Leighton,Does anyone here use gift cards like Amazon itunes psn google play  itunes or any other gift cards? Then you'll be happy to know you can get  free gift card codes for free from an amazing site. Here is a $50 itunes  gift card code XXBB5TCZHM39HVZDÔªø
z132v5iajkjuhfkyn04cg3mxclnnzj0yxmo0k,0,2014-11-03T23:03:03,richardex8,Why does this video have so many views? Because asian things are awesome and non-asian countries are jelly so they  try to learn from asia by looking at this video d:Ôªø
z12mtx5hxnutsxzfn23tsljjrm2mwxtwm04,1,2014-11-03T23:29:00,–û–ª–µ–≥ –ü–∞—Å—å,Plizz withing my channel Ôªø
z121ft552pzpzhiab04cffmwitfii3lr5v40k,1,2014-11-04T00:00:57,Crooked Gaming,I made a gaming channel (Unique right?) :L Angry Minecraft!Ôªø
z135jnejqyylxvxc323tifugxr3idl1oq04,1,2014-11-04T00:18:07,Monwar Sarkar,Please help me go here http://www.gofundme.com/littlebrotherÔªø
z13zfpqpvpyvwfymk232ux4odsr1s5wm0,1,2014-11-04T02:00:14,Jack ToadROXMK,Anybody who subscribes to me will get 10 subscribersÔªø
z13sx1mitrmpcls3f22hi5ep1yq5cvmld,1,2014-11-04T02:22:06,roflcopter2110,http://thepiratebay.se/torrent/6381501/Timothy_Sykes_CollectionÔªø
z13juvrhisuzsfczo04cgnsxhlfdiz2rhho,1,2014-11-04T03:12:23,Imprezzi Vidzz,My videos are half way decent check them out if you want.Ôªø
z130gviqarmshdnau04cdzigvs3jepx4qw00k,0,2014-11-04T07:37:28,khir abqari,they said this video are not deserve 2billion views  while they keep  visiting it to watch the viewer . Ôªø
z12zdj5ptyzpurkan04chtsqjszjxfmrk2w,1,2014-11-04T11:38:51,Gloria Garcia,subscribe to itz recaps and above diddleÔªø
z12li5throi5u540y220chro4nn5gl52k,0,2014-11-04T12:40:15,xSparkShark,Screw this Chinese crap i dont even understand what he is saying. Why isn't  he speaking English like everyone should?Ôªø
z13dsnfaozyyil4m322jijgx5m3aehem2,1,2014-11-04T13:48:04,Emerson Zanol Zanol,need money?Enjoy https://www.tsu.co/emerson_zanolÔªø
z13tczojhrqbjhv2c23kfby5wpysgpopa04,1,2014-11-04T13:54:25,Lars Zaadstra,Sub to my channel visuelgamingzNL I sub backÔªø
z13qgx0yzwf1uj1xm04ccbkhjnrsgz0i41g,1,2014-11-04T14:38:42,firo mota,please subscribe i am a new youtuber and need help please subscribe and i  will subscribe back :D hoppa HOPPA GaNgAm StYlEÔªø
z13qgviizlv1d1c1422lylyahqz2h1zm5,1,2014-11-04T18:00:07,Connor Groom,sub me if you dont like the songÔªø
z13sgnbzkwjqhhd5004cfzaheobvzbuopyg0k,0,2014-11-04T18:09:18,Kaiser Dragon,This is a weird video.Ôªø
z13etzhwwvzye1oav04cehnitxf5cx2xkts0k,0,2014-11-04T18:30:39,Monster Sifou,8 million likes xD even the subscribers not 8 million xDÔªø
z123jlf4lzjbgpbcr23yhxyqbpe3gxpvm,1,2014-11-04T19:46:38,TIGERIO_,EHI GUYS CAN YOU SUBSCRIBE IN MY CHANNEL? I AM A NEW YOUTUBER AND I PLAY  MINECRAFT THANKS GUYS!... SUBSCRIBE!Ôªø
z13kfzqicymszt0jp04ci5gqvqemyb2jsp00k,1,2014-11-04T20:22:21,OFFICIAL LEXIS,Hi everyone! Do you like music? Then why not check out my music channel.  The LEXIS band will be uploading their own songs and covers soon so don't  miss out. Please SUBSCRIBE too as it does help us out a lot. Just takes one  click. -&gt;Ôªø
z12ftpab5svihfffz23kf3iiymiwjzesi,0,2014-11-04T22:07:22,trespasser4000,This song never gets old love it.Ôªø
z13oyfkydl30exyip04cejozdtahgvx44ao,1,2014-11-05T00:21:29,Pat M,gofundme.com/grwmpsÔªø
z13cyzbbqsrxyfaec23xc10rdrrqgd0ch,1,2014-11-05T01:13:43,Malin Linford,Hey guys please check out my new Google+ page it has many funny pictures  FunnyTortsPics  https://plus.google.com/112720997191206369631/postÔªø
z13jsrtahyyqv53jc04cdr4bcwfwg3lauek,0,2014-11-05T06:34:19,kenny clayton,#2012bitchesÔªø
z135f3rwwnjafnnrv04cirmifl3lipewgl40k,0,2014-11-05T07:01:34,Akymonix,Made in china....Ôªø
z13lip25arigch3rj04cf1ko0pnczzyrtng0k,0,2014-11-05T07:48:10,Gaming Land,5 milions comentars and 2 bilion viewsÔªø
z13mzp44ul21sdqcj22sgriokxyuy5det,0,2014-11-05T07:49:21,tom hawksbee,It is 0 zeroÔªø
z12rsjsiimjkjfkwt04ccbgosvrbgxupxu00k,0,2014-11-05T08:12:06,Norman Reid,Mix - PSY - GANGNAM STYLE (Í∞ïÎÇ®Ïä§ÌÉÄÏùº) M/V: PSY - GANGNAM STYLE (Í∞ïÎÇ®Ïä§ÌÉÄÏùº) M/VÔªø
z13wfr2rbwytwbhf123cs1l5lz2aefdex,0,2014-11-05T08:42:06,Emily Hamilton,This has had over 2 billion views.  Holy shit.Ôªø
z13vx3kbgmq5fnlgj04cfdoqtpfyw5xqzuc0k,0,2014-11-05T10:43:27,rolle54100,how can there be 2.124.821.694 views when im the only person alive after  the zombie apocalypse - greetings spoderman :)Ôªø
z135vx5jfu2mfvwvr22cj11wupbtfr1gz04,1,2014-11-05T15:10:43,MrBrunoExtreme,Suscribe my channel pleaseÔªø
z13pdjsgqkjjtnlqz04cgtxafxqtylmixxg0k,0,2014-11-05T15:25:34,xMasterGGx,2124923004 wiews... wowÔªø
z12jc1uququpzbsoq04cg15poyfsxpvoojw,1,2014-11-05T15:27:34,pro stomper,guys please subscribe me to help my channel grow please guysÔªø
z124i3ygclj0xn4ly22jzb5a2ubvtbev1,0,2014-11-05T15:28:28,Abdinasir Omar,Great music anywayÔªø
z12kuncrps35wp1l0220s3t4ym32dtpin04,0,2014-11-05T15:35:49,Aleksaivan Neidert,PSY - GANGNAM STYLE (Í∞ïÎÇ®Ïä§ÌÉÄÏùº) M/V: http://youtu.be/9bZkp7q19f0Ôªø
z123gnabnwbqtr1e022jejij0zzzez2os04,0,2014-11-05T15:38:10,Luat ha hpuoc,so crazy over 2 billion views not US not Uk its Korea republic its  asiaÔªø
z121jvbjakmbehsys04ce5yj1y3hxx0hzsk0k,1,2014-11-05T16:12:51,abdellah chafouai,Discover a beautiful song of A young Moroccan     http://www.linkbucks.com/AcN2gÔªø
z13xhp2xmkeowtbyo04cffggylf3yjjpsns0k,1,2014-11-05T16:18:58,Brotha B,Like getting Gift cards..but hate spending the cash.... Try Juno Wallet !!! At Juno Wallet you can earn money for gift cards such as ; Nike Gamestop  Amazon  Ebay Etc &amp; its easy  Earn money by doing simple task like watching videos..downloading apps &amp;  you can even earn money by inviting your friends to join...its free for  signup Sign up today &amp; use promo code BD3721315Ôªø
z12dzlpo0ueie1go404cfjjwsxf1g1lrtdo,0,2014-11-05T17:18:14,Amir effect,Can somebody wake me up when we get to 3 billion views.Ôªø
z12jxvuzgxusjl1jw04ccxshdwyfx1pjzfk,0,2014-11-05T18:02:31,lakis constantinou,PSY GOT LOTS  OF MONEY FROM YOUTUBE THAT HE GOT FROM 2 BILLION VIEWS THIS  IS THE MOST VIEWS IN THE WORLD :DÔªø
z13dgdl4hyirg3gcd23pw3nw0zrsebpqb04,0,2014-11-05T18:05:17,just a filthy kafir,Justin bieber = gay Ôªø
z13gypjrmumhxromj23jyjhhenvdgpuxh04,0,2014-11-05T18:16:55,HarveyIsTheBoss,You gotta say its funny. well not 2 billion worth funny but still. It  clicked and everything went uphill. At least you don't have JB's shit on  #1.Ôªø
z12wilyi3mzzjlzkw225hrzrxvb4tjgln,0,2014-11-05T19:51:38,M7AMDksa,‚ù§Ô∏è ‚ù§Ô∏è ‚ù§Ô∏è ‚ù§Ô∏è ‚ù§Ô∏è‚ù§Ô∏è‚ù§Ô∏è‚ù§Ô∏èÔªø
z12uw5z5roiqel3ds22iifbhbmnijn1qz04,0,2014-11-05T20:15:09,Noah Fran√ßois,Ahhh 2 years ago....Ôªø
z12wsx5amr3ahbgl122mc5qr5v23vnist,1,2014-11-05T20:19:26,Neely Nesley,Dance dancePsy  http://www.reverbnation.com/msmarilynmilesÔªø
z122f10gdvathpo2222pshcxxpjliddjv04,1,2014-11-05T20:33:15,BmwManDexter,"check out ""starlitnightsky"" channel to see epic videosÔªø"
z13ghjrh5vqbetiw104chhdrlsv0szfqbxk0k,1,2014-11-05T21:10:09,KodysMan Dunt Know,https://www.tsu.co/KodysMan plz ^^Ôªø
z13nwn54ukukyhdfb223vttqnu31hvf4k04,0,2014-11-05T21:14:36,nachopinca3901,Stupid people... this video doesnt have 2 billion visits. Have 2 thousands  millionsÔªø
z12kcx2ahwmpupnw004cdt3rwqfes3xgbns0k,1,2014-11-05T21:25:27,Mehmet Demirel,http://www.gcmforex.com/partners/aw.aspx?Task=JoinT2&amp;AffiliateID=9107Ôªø
z12udxjwpwurtlwz304ccbrhdtusth4herk0k,1,2014-11-05T21:56:39,PacKmaN,check men out i put allot of effort into my music but unfortunatly not many  watch itÔªø
z13ky1cgzpjpvdpp004chhebvqnkhnpjmzo0k,1,2014-11-05T22:21:36,Alessandro leite,pls http://www10.vakinha.com.br/VaquinhaE.aspx?e=313327 help me get vip gun  cross fire alÔªø
z121cngqep23db2o404cjf4zvsf2cjerdaw,1,2014-11-05T22:41:42,TLouX music,Add me here...https://www.facebook.com/TLouXmusicÔªø
z13osluqrpefv1hd323idhejzxanc3ai004,1,2014-11-05T22:50:02,Tyrek Sings,CHECK MY CHANNEL OUT PLEASE. I DO SINGING COVERSÔªø
z12ehhxzutqbsjrpq04ccjlqhrv5y3dzkn40k,0,2014-11-06T01:12:14,NursePoison,I think this is now a place to promote channels in the comment section lol.Ôªø
z12bv5zxvpryjjspn04cdfwz5lrtzjhooqw0k,1,2014-11-06T01:44:12,Peter Johnson,Get free gift cards and pay pal money!Ôªø
z12zstfhixudundzf04cjbsp0rjrzh1rw3k,1,2014-11-06T02:22:00,MiningBip3,Check out pivot animations in my channelÔªø
z13zxdkalk3ryvxr004cj1vabkn2dvcyusg0k,1,2014-11-06T02:39:07,Ju`Wan Wright,Follow me on twitter &amp; IG : __killuminati94Ôªø
z12zjztrvlnafvk2n230wjmztyfxxpbk2,1,2014-11-06T03:10:26,CronicleFPS,Check me out I'm all about gaming Ôªø
z12mzferzsanzhld022fhhdarrusivwkq,0,2014-11-06T04:42:33,marye,Oppa! Yeah! Best Song!Ôªø
z13cydjppmiostv1l22dtzd5xnbjebax004,1,2014-11-06T04:54:22,Giang Nguyen,More... http://www.sunfrogshirts.com/Sunglass-World.html?24398Ôªø
z13hubqrnwquen2gu04cdbbx4rqgxxcwvo00k,1,2014-11-06T04:55:41,Giang Nguyen,https://www.facebook.com/teeLaLaLaÔªø
z13xsxxqlxnzz3d3g22wfjx5lsrjgpaic04,1,2014-11-06T05:40:43,MasterRobotTV,http://www.twitch.tv/zxlightsoutxzÔªø
z13zjbvbeszjcvdsx22ww5cgcrydzlf5u04,1,2014-11-06T09:15:12,ROB YSF,reminds me of this song https://soundcloud.com/popaegis/wrenn-almond-eyesÔªø
z12yinh5ks2oinqzn04cctkgvvrohbrazvo0k,1,2014-11-06T09:41:07,Rancy Gaming,What free gift cards? Go here  http://www.swagbucks.com/p/register?rb=13017194Ôªø
z13mtrjqsqzliho5w04cex3zmoqfvnpgyys0k,1,2014-11-06T09:49:14,FatPocketsTv,"Search ""Chubbz Dinero - Ready Or Not "" Thanks Ôªø"
z12lg1vizrmsgxm3q23oij4aqrjxjdd1p,1,2014-11-06T13:41:30,Holly,Follow me on Twitter @mscalifornia95Ôªø
z13zhhualofpyz22z22pydei0oeyt5abc04,0,2014-11-06T14:50:18,unknown,üò´üòìüòèüò™üòîüòñüòåüò≠üòéüòöüòòüòôüòóüòãüòùüòúüòõüòçüòíüòûüò∑üò∂üòµüò≥üò≤üò±üòüüò∞üò©üò®üòßüò¶üò•üò§üò£üòÆüò¥üò¢üò°üò†üò¨üòïüòëüòêüòØüòâüòàüòáüòÜüòÖüòÑüòÉüòÇüòÅüòÄüòä‚ò∫  every single types of face on earthÔªø
z12sil2ziqneyjxpx04cehcgcsmmcr1a3ew,0,2014-11-06T15:28:54,thevlogmasters Vlog Challenges en nog veel meer!,‚ñ¨‚ñ¨‚ñ¨‚ñ¨‚ñ¨‚ñ¨‚ñ¨‚ñ¨‚ñ¨‚ñ¨‡Æú€©€û€©‡Æú‚ñ¨‚ñ¨‚ñ¨‚ñ¨‚ñ¨‚ñ¨‚ñ¨‚ñ¨ Ôº§Ôº°Ôº≠ÔºÆ Ôº¥Ôº®Ôº©Ôº≥ Ôº£ÔºØÔº≠Ôº≠Ôº•ÔºÆÔº¥ Ôº©Ôº≥ Ôº¶Ôº°ÔºÆÔº£Y ‚ñ¨‚ñ¨‚ñ¨‚ñ¨‚ñ¨‚ñ¨‚ñ¨‚ñ¨‚ñ¨‚ñ¨‡Æú€©€û€©‡Æú‚ñ¨‚ñ¨‚ñ¨‚ñ¨‚ñ¨‚ñ¨‚ñ¨‚ñ¨Ôªø
z12scr5ixnexwh2xa04civ3o3k25dr3wkfw,1,2014-11-06T15:31:35,Freddie Barton,CHECK MY CHANNEL FOR MY NEW SONG 'STATIC'!! YOU'LL LOVE IT!!Ôªø
z13actcqdm31slqqu04cctub4n2nw1swwy00k,1,2014-11-06T16:48:02,Sean Ortiz,Incmedia.org where the truth meets you.Ôªø
z13dvrmxorf0cnj0423rsfcjlxevgjwll,1,2014-11-06T17:50:59,ZodexHD,look at my channel i make minecraft pe lets play Ôªø
z12oep2i2ybiyn0sy23tc1uptrmkhxbse,0,2014-11-06T17:59:30,Andr3wco7,I found out this song nowÔªø
z13huxgx5rikd13v422khjnjusyvzxx4c04,0,2014-11-06T18:00:04,michelle clough,2 BILLION!!!Ôªø
z12qzzbpbzn4c5zwu04cir5gmzfozhy4cjk,0,2014-11-06T18:07:21,lebanonwarior1,Song name??Ôªø
z13mebgjooulgzdkt23kzvlqjyrzx32n0,1,2014-11-06T18:11:37,amine moha,please like : http://www.bubblews.com/news/9277547-peace-and-brotherhoodÔªø
z12tzt2pluixhpbs4221xveiiqafd3epw04,1,2014-11-06T18:23:21,PacKmaN,hey again if you guys wouldnt mind chacking out my rap give it like and il  giver 3 of your vids a likeÔªø
z13udh04hqjeyney404cgloh0vbegbmgvq40k,1,2014-11-06T18:24:19,fad lad,http://www.amazon.co.uk/gp/offer-listing/B00ECVF93G/sr=8-2/qid=1415297812/ref=olp_tab_refurbished?ie=UTF8&amp;condition=refurbished&amp;qid=1415297812&amp;sr=8-2 Ôªø
z13dtz1zzkagdromt230g5cqfsejstr3p,0,2014-11-06T18:55:14,Digital Media Butterfly,The most watched video on YouTube is Psy‚Äôs ‚ÄúGangnam Style‚Äù with 2.1  billion views. PSY - GANGNAM STYLE (Í∞ïÎÇ®Ïä§ÌÉÄÏùº) M/VÔªø
z12ox3a5vviky5ctq22nz1ewpo24wxyis04,1,2014-11-06T19:00:11,JackTheLad,Subscribe to me and I'll subscribe back!!!Ôªø
z13zy52aayqxsx5nr23curipvrretdy35,1,2014-11-06T19:28:25,JoelR Ch,http://flipagram.com/f/LUkA1QMrhFÔªø
z12sitjpgyy3f5j2322iy1figqa4vnyja04,1,2014-11-06T19:40:59,OverSpace33,For Christmas Song visit my channel! ;)Ôªø
z12nejhigtr0tdvy504cgfcrhzvycxzin0k,1,2014-11-06T20:55:09,Detroit Red Wings,http://www.gofundme.com/gvr7xgÔªø
z13chfswltzzyhys1234dvkb3r2ien0ld,1,2014-11-06T22:00:58,DirtySouthFlorida3,Subscribe to me i subscribe back!!!! Plus i have a nice ass lolÔªø
z12tul0onm20hffur22qxhs5mvijddfj404,1,2014-11-06T22:40:49,David Boƒçek,https://www.change.org/p/facebook-twitter-youtube-do-not-censor-julien-blanc Ôªø
z121hjrymmf2jh4rf04cjrybiyfotjmof1g,1,2014-11-06T22:53:08,Jackal James,https://soundcloud.com/jackal-and-james/wrap-up-the-nightÔªø
z120wncjevujt1aju04cff4b1yfcvhrbpis,1,2014-11-06T23:16:52,Goran Theboss,https://www.surveymonkey.com/s/CVHMKLTÔªø
z124y1czouyechz4j04citox1mn1wz5pmos0k,1,2014-11-06T23:22:32,YoungBrothersRecords,Please give us a chance and check out the new music video on our channel!  You won't be disappointed.Ôªø
z12yu11xyumitzpho04cix1y3zn3ijrpcm40k,1,2014-11-07T01:22:02,Chinsoman Films,Please subscribe to meÔªø
z13hfnup3tmvxhqfx22yvx4qnwj2gjj2a,0,2014-11-07T01:24:27,Moymoy Palaboy,This is the best funny and viral video of history (youtube) THE TRUEÔªø
z13neh044nq2wn0o404citkh2taufzqxuz40k,1,2014-11-07T01:50:10,Mason Sieverding,Please check out my vidiosÔªø
z12uwhfpwnfrepmhg04ccx2ioxqzip4o0xw0k,0,2014-11-07T02:02:02,VIP 2NEXO,OPPA GANGNAM STYLE!!!Ôªø
z12kttwqvzi4fd0ei23rdp4xjt2ef5hbk04,0,2014-11-07T04:13:47,Gaming 101,The funny thing is 1700000000 of the views are spam bots. I mean c'mon  2 BILLION views? BS!Ôªø
z131xnjjtqeyh5dy304cfhm50vagttfyemg0k,0,2014-11-07T04:39:08,Chack Jason,OPPA &lt;3Ôªø
z122dfb5htjxgpbot04cdj1aikatybbjsb0,0,2014-11-07T04:48:01,Kitts Hausman,It's so funny it's awesomeness lol aaaaaaa sexy ladaüòÇÔªø
z133xzqp3ubgyf2ko22osxkrfzvbd5b2y,0,2014-11-07T05:04:28,TheInfectedDoge Gameplay,most viewed video in the worldÔªø
z122srjbvovwzxg0522yd1i4ty3kznxqs04,0,2014-11-07T07:46:57,Warrdrew,I'm here to check the views.. holy shitÔªø
z13lezboqn35jtqlm23mcpgp3tjbghmvk,0,2014-11-07T07:54:13,Parssa Alimadad,Dear person reading this You are beautiful and loving Have a great dayÔªø
z132yfjb1q2aupnvp224it3zdlfgebvxy04,1,2014-11-07T08:19:37,Adrian Skalak,http://www.ermail.pl/dolacz/V3VeYGIN CLICK  http://www.ermail.pl/dolacz/V3VeYGIN  http://www.ermail.pl/dolacz/V3VeYGIN  http://www.ermail.pl/dolacz/V3VeYGIN  http://www.ermail.pl/dolacz/V3VeYGIN  http://www.ermail.pl/dolacz/V3VeYGIN  http://www.ermail.pl/dolacz/V3VeYGINÔªø
z12av324qzztf5tan04ci1kycxbnf3u4f4g,1,2014-11-07T09:04:08,BeatBoxBaaa,Have you tried a new social network TSU? This new social network has a  special thing.You can share the posts as well as on fb and twitter and even  to'll get paid You can registr here:  https://www.tsu.co/WORLDWIDE_LIFEÔªø
z12aillowmuftn5l022cv3hwbofjctgch,0,2014-11-07T09:55:39,Cool Ong,The Guy in the yellow suit kinda looks like Jae-suk Ôªø
z13xtdlovm2hzl05d04ccz1pnvqtezdriqc0k,1,2014-11-07T12:08:13,Uro≈° Slemenjak,People here is a new network like FB...you register also free the  difference is only that you get paid for sharing commenting and liking  posts and so one...don't waste your time on fb for sharing and not being  paid!! Register here to make also money with your everyday posts!!  https://www.tsu.co/slema13 Wellcome to everyone! ;)Ôªø
z130xbcwfnj5vlskv23airsxqqfqvhl5504,0,2014-11-07T12:16:08,Adam Mudd,How are there 2 billion views and theres only 2 million people in the  world!?!?!?!! MULTIPLE ACCOUNTS!!!1111Ôªø
z12kix1zlmz3fhmhf04cipe5qpvsxrezbpg0k,0,2014-11-07T12:51:06,Cromwell John Pascual,WAT DA FUCK THIS THE MOST VIEWED VIDEO IN YOUTUBE!Ôªø
z12mx3zj3pqigd3nb23xtpzwnriczf0zo04,0,2014-11-07T12:58:57,Starfire003,OMG 2/7 People watched this video because there are 7 billion people in the  world and 2 billion watched thisÔªø
z12afdtaypuat3t5s04ccv4g4xe1elvbcdw,0,2014-11-07T13:12:45,Lindsay Wofford,What is he saying?!?!?!?!?!?!?!?$? Ôªø
z123gh5o1pibgntf222einrisrfasnha104,0,2014-11-07T13:33:12,Romeo Sweeney,this has so many viewsÔªø
z13xgr1w3oeycnszq04cihybwtimi3vqc40,0,2014-11-07T13:48:31,Thanh Phong,OMG over 2 billion views!Ôªø
z13mc51qfqeozdpun23kgri5kzjnjpitj,1,2014-11-07T13:49:41,Callum Barr,Subscribe to me plz plz plz plz plz plZ Ôªø
z13yeb25wmevhpg3s22chjtxoszvgxxxl04,1,2014-11-07T14:11:41,funtimekid1199,http://www.twitch.tv/tareko100 Follow him on twitch and enter the keyword  !5800 and you'll have a chance of winning a really nice and expensive gun  for csgo that you can sell on the steam marketÔªø
z13qgpqwlqbgj5jqy04cgnjqruv0gpdaino0k,0,2014-11-07T14:25:48,css403,i am 2126492636 viewer :DÔªø
z12wjxmyvzr1yps4d04cfrexyorisrfqpc0,1,2014-11-07T14:29:19,Dovydas Baranauskas,https://www.tsu.co/Aseris get money here !Ôªø
z13cc1abmqz5cjpkc223ybzavyibznjey,0,2014-11-07T15:14:48,Ï†ÑÍ¥ëÏö©,Fantastic!Ôªø
z121eftbimqgy1p5504cjx24tpvbjrpisnc0k,0,2014-11-07T15:31:25,sagar basnet,The population of world is more than 7 billionÔªø
z121yttbfpyxw1dya04cgtq4clasebvoib4,0,2014-11-07T15:43:29,Vitor Belliny,2.126.521.750  views!!!!!!!!!!!!!!!!!Ôªø
z130zp15xof5db0x204cfv55awj1wl3aipc0k,0,2014-11-07T15:58:09,Gianpaolo T,Wow 23 min agoÔªø
z12ufrszxq3zstw0r22yfbipvqvaypold,0,2014-11-07T15:58:57,josson 64,SUPER!!! !!!!!!!!!!!!!!!!!!!!!!!!!!!!!!!!!!!!!!!!Ôªø
z12lsp3pnmqlirwwk04cepijkvrustgbcgs,0,2014-11-07T16:38:47,Isuzu,P E A C E  &amp;  L O V E  ! !Ôªø
z12iubmp2mv1txfsy235vb2xdqirufcp304,0,2014-11-07T17:03:01,jayson calzado,How can this music video get 2 billion views while im the only one watching  here on earth?????? lolÔªø
z12kyn0qjzzzur2ai04cg5szenjxdrorp4w,1,2014-11-07T17:06:48,O s√°bio das 7 eras,Please friend read my book and repass: http://www.4shared.com/web/preview/pdf/CjFofTxeba?Ôªø
z13ccrthzkqdhl0ia04cjvobvtmafbd53ow0k,1,2014-11-07T17:53:51,Pro Video,subscribe to me :) Ôªø
z13rwrwppmyugtzco23xzjswqmrzilyxw04,0,2014-11-07T17:54:36,Vepi road to TIx,Still the best. :DÔªø
z12iircxtsjpwvqbd04chjzbemjtj5kohxg0k,0,2014-11-07T18:05:40,Bert Dionne,The most liked video on YouTube...Ôªø
z12twf5qnmr2vhzsp23nzvn43uekgp4hq04,0,2014-11-07T18:11:06,no honesty,Still watching this 2 years later? Ôªø
z124g1oy2wfitb3tw23bw1po2ozhurojq04,1,2014-11-07T18:11:56,LaunchPad Mad,Hello! I'm kind of new to Youtube And soon i'm soon going to be making  Launchpad Video's! :D I would really appreciate if i got some subs before i  started so that people can spot me easily! I dont really care about hate  comments so dont bother -_-Ôªø
z13dibpi3raby5evk22yzhfwuli2hnj0t,0,2014-11-07T18:52:29,Aj Riberal,Lol...I dunno how this joke gets a lot of likes but whatever. xDÔªø
z13ajrybhwehvxctd22xjvnjvvfig1mai04,0,2014-11-07T19:18:25,SRK FAN,2 Billion Views For This Piece Of Shit... ~ A R E ~ Y O U ~ K I D D I N G ~ M E ~Ôªø
z12xczhjizrzuhvlp22gh3apkrasg3ggt04,0,2014-11-07T19:27:45,Ben Stalker,GANGMAN STY- *D-D-D-D-D-D--DROP THE BASS!!*Ôªø
z13zv3phsxnput04k04cdnkw4svghdnas4c,0,2014-11-07T19:33:03,xxxTheMikeTxxx,Will this song ever reach 7 Billion Views?Ôªø
z134d5hbckywylmj404cgnlo3kysfhsjoeg,1,2014-11-07T19:33:46,Kemal Kurtoglu,Im a RAPPER/SONGWRITER check my video PLEASE..also subscribe for more  thanks :) tell me what you think.Ôªø
z130vjpadznpiv44x04cgd1ooljghlzg0es,0,2014-11-07T19:45:26,ahmed khalifa,Hello all 29.24% earth population of the world hope your having a great  day :)Ôªø
z13rdtkxmnfsdptlc22qwryhlsrfslcht04,0,2014-11-07T19:47:06,Adele Lupei,"Is this the video that started the whole ""got my dick stuck in an elevator""  excuse thing? Ôªø"
z12hidxilpv4uduvf23jdjp4nleeulehc04,1,2014-11-07T19:47:16,Daniel Istrati,Can anyone sub to my channel? :DÔªø
z12sjrqiurm3sd4rh04chz4oplrmhzmgzmg0k,0,2014-11-07T20:01:15,Stronzo Chicheritr,prehistoric song..has beenÔªø
z13sw1fapx2dijgv323dur5rcyz3urnut,0,2014-11-07T20:05:35,none dies virgin life fucks us all,You think you're smart?        Headbutt your face.Ôªø
z12di5a51quhttio304cirdpnvroex14jfg,0,2014-11-07T20:12:11,JakeFrostMiner Palanca,DISLIKE.. Now one knows REAL music - ex. Enimen Ôªø
z13wj1pgwlfjjjn4d04cilo5nwnhsbdavzg0k,0,2014-11-07T20:16:51,Tee Tee,Loool nice song funny how no one understands (me) and we love itÔªø
z13pfnrxuyelivdoz04cgdx4esa2dxeymck,0,2014-11-07T20:18:19,Oopsthenameistoolong Oh well,Like if you came here too see how many views this song has.Ôªø
z13wf3fztpfffjoit04chjaxhkurtf1oh5g,0,2014-11-07T20:45:32,witsnow roxiie,We pray for you Little Psy ‚ô°Ôªø
z132fb4jenqfv5x2r23swfmiyrafyf5ue,0,2014-11-07T21:06:36,johan gade,'Little Psy only 5 months left.. Tumor in the head :( WE WILL MISS U &lt;3Ôªø
z13oc52ihn22tfz3n231vv4bvxrujn0f0,1,2014-11-07T21:39:21,2666playboy, Follow me on Instagram. _chris_cz  Ôªø
z12rd3vqqsjydb35a04cfxi4kprfxruh5ew,0,2014-11-07T22:01:04,Melissa Harmon,how is this shit still relevant Ôªø
z12ffbi4hyauctqeg22livra0kzjcjffv,0,2014-11-07T22:19:03,Eddie Murphy,LOL this shit never gets oldÔªø
z130i3yaexrmtxyic04ccnk5hwvfs33as0c,0,2014-11-07T22:21:29,Alucard Hellsing,What Can i say....This Song He Just Change The World Completely... So good job PSY... (and your girls are awesome :))) )Ôªø
z13welx54xa4irprk04cfljw0o3gcnkrxzg0k,0,2014-11-07T22:22:29,John Plaatt,On 0:02 u can see the camera man on his glasses....Ôªø
z13whrhzczjfx5ozo04chrtiyzunjjewwlk0k,0,2014-11-07T22:41:04,YOU ARE NOW WASTING SECONDS OF YOUR LIFE BY READING THIS LONG STUPID NAME WHICH MAKES NO SENSE!,this comment is wrongÔªø
z13iwppp5kf4gnyxn04cjns5kzn4xd0qdwk0k,0,2014-11-07T22:59:13,juanmanuel cespedes,i hate this music. fucking singer and every koean chainise ana US sucks me dick.Ôªø
z13wtr2yssezhdaqa04cjvbody3qwjhpwk00k,0,2014-11-07T22:59:37,Kirill Nazarethian,2:05. Hahahahah Ôªø
z130dbmz2ourjtupz04chhjrpunwcr4yjrs0k,0,2014-11-07T23:19:08,King uzzy,Can we reach 3 billion views by December 2014? Ôªø
z12jy1tw0unnhhdnh23yyvyhjsnljxhf4,0,2014-11-07T23:23:54,Gio D.,Dumb Guy: Why is there 2 billion views when there are 7 million people on  earth??? Also I know what 1+1 equals! 1+1=1! I am a smartie pantsÔªø
z124inzqgoyeh33uw23iibficv2kuf2nx,0,2014-11-07T23:26:04,anthony Jennings,"People Who Say That ""This Song Is Too Old Now There's No Point Of  Listening To It"" Suck. Just Stfu And Enjoy The Music. So Your Mom Is Old  Too But You Still Listen To Her Right?....Ôªø"
z13vc32olxm2znkjz04cd35gnozjebqhlig,0,2014-11-08T00:26:35,TheLegitBroz,The Funny Thing Is That this song was made in 2009 but it took 2 years to  get to america.Ôªø
z12xgnu4zmroi1vuu221wtihjlbjw3owv04,0,2014-11-08T00:36:31,mindaugux,why I dont see any comments but mine?:/Ôªø
z12denip3u2dyzqte23ytjoqdsieizlta,0,2014-11-08T00:45:40,Bert Ernie,this jap is such a piece of shit. he is such a worthless fish head. i dont  know how any one likes this dumb untanlted gook. this isnt even fucken  music. this is so fucking sad that this is even such thing. people are so  fucked up.Ôªø
z133gnr5wmi1idj0y22delw4knabhvwtq,0,2014-11-08T01:28:58,Tabby Ghani,I remember when everyone was obsessed with Gangnam Style üòóÔªø
z12aezowoqbjf3sn223hc1xrita3f3oz404,0,2014-11-08T02:18:42,UKz DoleSnacher,Remove This video its wankÔªø
z12tulsausq0ebatg22iy5cwzrvegr2ls,1,2014-11-08T02:24:02,JD COKE,It's so hard sad :( iThat little child Actor HWANG MINOO dancing very  active child is suffering from brain tumor only 6 month left for him .Hard  to believe .. Keep praying everyone for our future superstar.  #StrongLittlePsY #Fighting  SHARE EVERYONE PRAYING FOR HIM http://ygunited.com/2014/11/08/little-psy-from-the-has-brain-tumor-6-months-left-to-live/ Ôªø
z12zjdapzmexcbnsu23qgphzyubsihwsu,0,2014-11-08T02:29:17,Joaco Remis,"Why the fuck this keeps updated? Comments :""5 minutes ago"" Song: ""2 years and  4 months ago""Ôªø"
z125vpqb2rb1jbxun234evvr1patybvww04,0,2014-11-08T02:45:12,TheRogueScorpion,MANY MEMORIES...........Ôªø
z12eex1wzu2ky35en22wfpswwxjqynsus,0,2014-11-08T02:58:48,John Schmidt,why are they 5million comments when there is only 279.898 youtube Users.   5million fake account or PSY hacked youtubeÔªø
z12cu5vhuw2ccfvdi22ecpvobuiof1yat04,0,2014-11-08T03:08:58,Sean Deko,2000000000 out of 7000000000 people in the would saw this video just  in 2 years and yeat i only get 2 words out of the hole songÔªø
z13sfdopwvmpcfo3023cj3w54q30ftk1x,0,2014-11-08T03:09:11,Nikolay Tekuchev,This video is so cool again and again!Ôªø
z133gjpr2ybqthyjt04cjjhrtwucsxw4tpk0k,0,2014-11-08T03:11:40,PinkyThePuppyProductions,I am now going to voyage to the first comment...      Tell my family I loved them. üò¢Ôªø
z12pcbng1m2shlgkp23ki1izwkreylid3,0,2014-11-08T03:15:09,Sev3617,How did THIS Video in all of YouTube get this many views and likes? Why  Gangnam style? I don't have a problem with it i just don't understand the  phenomena behind it it's just like any other random music video out  there. Ôªø
z12ts1xbpzv4sfrsd23rfbjourjgcj5mo,0,2014-11-08T03:26:51,Gema LR,With the korean girl more slut and bitch : Hyuna :'33Ôªø
z12wuz2qqnawe50js04cejpzosrzdr0r1k40k,1,2014-11-08T03:32:55,Dana Matich,Hey guys! Check this out: Kollektivet - Don't be slappin' my penis!  I  think that they deserve much more credit than they receive.Ôªø
z12dddjgvrnvtxkni22gsfdzqmu2z1qmm,0,2014-11-08T03:46:33,Angela Flemming,Still a very fun music video to watch! Ôªø
z133jzxzav2gw5lq504cgrnx3lbgulw5onc0k,0,2014-11-08T03:47:23,itzquiffer,C'mon 3 billion views!!!!!!!!Ôªø
z13awjrbcpyhinimp23nwztqlrucvdio404,1,2014-11-08T03:49:38,The Bibliophile Flautist,Hey everyone I am a new channel and will post videos of book reviews and  music on the flute. Please subscribe if you would enjoy that. Thanks!Ôªø
z133tllzkmb0wthup235c5qovo3xzdzqr04,0,2014-11-08T04:02:29,Wilfredo Latorre,Hey I think I know what where dealing with here!!!! I have some theories of  how this could've gotten 2billion hits!! 1. This was mabey made in korea and its realy popular there so they were  stuck watching this over and over again. 2. Over 2billion people have access to the Internet including youtube and  the numbers are rising by 2017 half of the populatoin will be connected. 3. Hackers In Korea may have loved it so much they rised it to 2billion  hits to make it more popular.  4. The song was featured in a just dance game on multiple mp3s and been  seen on concerts and even on new years eve event in 2012 so just by seeing  those you mabey adding more hits to this video. 5. You are complaining to much on how the heck this has 2b hits.Ôªø
z13shj4wpmflidcxc04ce5f4vlqdyzjowso0k,1,2014-11-08T04:08:09,Tornike Noniashvili,subscribe my chanelÔªø
z13fgt5wtsf3znibb04cgrfgasztuv5q5wk0k,0,2014-11-08T04:43:22,Diana Roque,THIS HAS MORE VIEWS THAN QUEEN AND MICHAEL JACKSON 2 BILLION views omgÔªø
z122ybty1la4dbrz304cgnoh1knkiv0odfg,0,2014-11-08T04:51:38,bruno jovao,LoLÔªø
z135cxegbufxdviso23kgn4rqmbvwxyqp04,0,2014-11-08T05:29:26,Spencer Clark,If you pause at 1:39 at the last millisecond you can see that that chick is  about to laugh. Takes a few tries.Ôªø
z13ucxdzemugi1v5n04ccjloko25drfb4js,0,2014-11-08T05:35:42,Haley Harmicar,9 year olds be like 'How does this have 2 billion views when there are  only 3 people in the world'Ôªø
z12mfnjahrvcgjh4004cdf3buuzshjsrzhw,0,2014-11-08T05:36:38,Kincaid Liebenberg,PSY is a good guyÔªø
z12cwnzbunaji14ah04cf3jizmzpz3igxj4,0,2014-11-08T05:46:31,CHILD,WHY DOES THIS HAVE 2 BILLION VIEWS THIS SONG IS SO ANNOYINGÔªø
z12vzdda5z3jvliop04cc535ayybt3mwthc,1,2014-11-08T05:52:30,CustomerService GM,https://www.facebook.com/pages/Mathster-WP/1495323920744243?ref=hlÔªø
z13axbnqtxfrc3ncc23xxp2wivqbgx43o,0,2014-11-08T06:28:01,sahil samal,1 millioon dislikesssssssssssssssssssssssssssssssss.............Ôªø
z13csxapuz2ggji2n23dsfhobq30yhle1,0,2014-11-08T06:29:16,Doris Chew,The little PSY is suffering Brain Tumor and only has 6 more months to live.  Please pray to him and the best lucks.Ôªø
z13qe1myote4hhwox04chrdxbv30dhraerc0k,0,2014-11-08T06:36:41,hunter braddock,For all of the little kidz out there there is Like 7 to 8 Billon people on  earth NOT 7 to 8 MILLON.Get you facts straight before posting comments.Ôªø
z12duvqj2ozihjxzr04cffmhekeyzbkql20,0,2014-11-08T06:50:39,Arrestme11,How stupid humanity isÔªø
z13fib54ilj0ix3ln23cy5h41xi0hduex,1,2014-11-08T06:53:38,The O'dowd Crowd,Come and watch my video it is called the odowd crowd zombie movie part 1 Ôªø
z12qfjubxk2iftnwk04chp5amsmmuvpwh5w,0,2014-11-08T07:07:44,FaceTheFacts,You know a song sucks dick when you need to use google translate to know  what the fuck its saying!Ôªø
z12ttjopmofst1gpp04cc5ezywjrwntjrc0,0,2014-11-08T07:19:29,x Judda,We get it you came here for the views... Ôªø
z12wz33h0vbdcdel022hu3npdufjjx2mv,0,2014-11-08T07:25:39,Kelsey bolley,Wow this video is the most viewed youtube video.. second that comes Justin  bieber- baby SMH WHAT HAS THE WORLD COME TOÔªø
z12th3fqdqq5yn0tq23rzboi3wb4tft0y,1,2014-11-08T08:49:47,Markus Mairhofer,Hey join me on ts≈´ a publishing platform where I share my content now:  http://tsu.co/MarkusMairhoferÔªø
z13nw3lhgt2nf5wwe04cdlx5iyaydznrve0,0,2014-11-08T09:15:22,Wert Walleet,This song is great there are 2127315950 views wowÔªø
z13ytrypzmmxwrqsw22hfhf4ivbot5w2q,0,2014-11-08T09:17:52,Hollz C,I'm watching this in 2014Ôªø
z12ivx14lye5szr4k04cddnhuujytfhz4v00k,0,2014-11-08T09:25:51,The Silhouette,Most viewed video on youtube...daaaaaaaaaaannng those views can almost  dominate the entire...china...Ôªø
z124elbgazqmuhvs5230ut14uta5irenh,0,2014-11-08T09:32:14,Agarra Mela,how does this video have 2127322484 views if there are only 7 million  people on earth?Ôªø
z12dcrdpiky1w3oia04chrvgxpmuzjv4gcw,0,2014-11-08T09:33:30,Tedi Foto,What my gangnam styleÔªø
z12qxl3xupmjsbzzg04cfzegyw3xfjjjpfc,0,2014-11-08T09:34:57,StarBlade34 OverLord,Lol this youtuber (officialpsy) is getting so much money lolÔªø
z12gdhri2nzouxcxq04ci11h5we3edegkbg,0,2014-11-08T09:39:28,Super Cot,1 million dislikes!EPIC FAIL(ready for you fanboys)Ôªø
z13jhnc5bozpyx01123nz5ky5yjksrdzm04,0,2014-11-08T10:03:32,restlesswikiinfo,If I knew Korean this would be even funnier. At least a bit at the end was  in English but was spoken quite rapidly.Ôªø
z12oxlzh4qjicd2zu04cgfabqtipf3gq4is,0,2014-11-08T10:04:22,Susan Jay,"Enough with the whole ""how does this have two billion views if there's only  7 million on the planet"" we get it. You're joking. It's not funny anymore.Ôªø"
z13vhnh5ewvdyzh3o23bjz55lxbwjznor04,1,2014-11-08T10:05:27,diego acosta,If I get 100 subscribers I will summon Freddy Mercury's ghost to whipe  from the face of earth One Direction and Miley Cirus.Ôªø
z12ztdojvxyhy3bpc04cf34jnnrnfpuyj1c,1,2014-11-08T10:05:40,Harrys Edits,if i reach 100 subscribers i will go round in public pouring a bucket of  ice water over people and then running away acting like it wasn't me! like  so people can see!!Ôªø
z12qfpcgnmjcgfqh104cd3fptuuxzxcp0i4,0,2014-11-08T10:12:42,piwnugget,YOUTUBE MONEY !!!!!!!!!!!!!!!!!!!!!!!Ôªø
z12ws5swdzq4gxqkh23iilpavrmjcjqdy,0,2014-11-08T10:14:47,ThoseFour KidsYaay,2 billion for this shit?Ôªø
z122z5pa2wyofbjj304cgfwrrmvjgn0pohc,0,2014-11-08T10:30:35,Mia Aspinall,2 billion views only 2 million sharesÔªø
z12ruft4aq3thhpbl04cdxrzjvmohjyqhs00k,1,2014-11-08T10:40:00,DylsFS,Hi guys my name is Dylan and I do IRL football videos I have 1030  subscribers and I think you guys would like my content so come check it out  and if you do subscribe!Ôªø
z13nvtepirfuhrral04cc10xkkygibq53t40k,1,2014-11-08T10:48:41,nobleMC | Minecraft GFX and More!,If I get 300 subscribers by tomorrow I'll do a epic Hunger Games Video! Ôªø
z12dgxdpbsjvsj1lv22vhn3ypsynh3gq204,1,2014-11-08T11:00:19,zakaia ziko,follower please https://www.facebook.com/lists/161620527267482Ôªø
z13jzr151zb4cfmqs04chbrbukncfhzxy40,0,2014-11-08T11:10:30,Praise Samuel,2 billion views wow not even baby by justin beibs has that much he doesn't  deserve a capitalized nameÔªø
z121zn0biqizsti0j23rghdafmjzgpuu4,1,2014-11-08T11:20:48,nathan robson,If i reach 100 subscribers i will tazz my self and my friendÔªø
z13uhbtohvm4yxq0d22lvbyx3ratct1ju04,1,2014-11-08T11:42:57,Navin Surya,Please help me go to college guys! Thanks from the bottom of my heart.  https://www.indiegogo.com/projects/i-want-to-go-to-college--19/x/9082175Ôªø
z12mubjyckfjvhmni23bc5nxbnrggtvjq04,1,2014-11-08T12:34:11,Bishwaroop Bhattacharjee,https://www.facebook.com/SchoolGeniusNITS/photos/ms.c.eJw9kVkOxDAMQm808h5z~;4sNjqP~_tHqBEuM69AQUp1Ih~_fPHgk5zLLsVdQv0ZUf0MB~;LnUJ~;ufTH4YoKfRxYts2zvrrp6qGtw67y~;L551h~;f7~_vlcZzRG8vGCTlPSD9ONGeWhj8~_GIbu~;S3lzMvY~;IQ2~;TwSfzz9WHn7JUSvHufpglQRZczl05fNPhaGeVb3x8yDmC6X~_~;jTcjnMho~;vfXWCjZyvWObihrnGx2ocjnG2PG1EvHXzyjD~_o3h~_RY6f57sPrnD2xV~;~_BzszZ~;8~-.bps.a.390875584405933/391725794320912/?type=1&amp;theater Ôªø
z12ovv2xcmmtv5exl04cdxe4ql31dd2jiy00k,1,2014-11-08T13:12:10,Liu Chu Yi,I am so awesome and smart!!! Sucscribe to me!Ôªø
z13fdvwhykzhuldpn04cfdtwkyqterlavnk0k,1,2014-11-08T13:34:27,iKap Taz,Follow 4 Follow                           @ VaahidMustafic Like 4 Like Ôªø
z12vu5grlujzfr4cx23iu5zpdpugzxl4t04,1,2014-11-08T15:27:27,Serkan Kaya,http://hackfbaccountlive.com/?ref=4436607  psy news offƒ±cal Ôªø
z12iztop3pyovxbl322eyxng2k3gi5rax04,1,2014-11-08T15:29:46,Bizzle Sperq,https://www.facebook.com/nicushorbboy add mee &lt;3 &lt;3Ôªø
z12cehoxozfgg3nok04cjj05xznbgrlpfjo,1,2014-11-08T15:29:52,Elieo Cardiopulmonary,im sorry for the spam but My name is Jenny. I go to high school where  everyone dresses fashionable but for me I don't because i need money to buy  cute clothes. I have low self esteem . I live with my dad. my mom passed  away when i was 6 so i don't really have a mother figure. I have 2 brothers  who is older than me. Since they are boys they get the attention while i  just be alone. I really want to wear pretty clothes like the girls in my  school and get a boyfriend. i just can't be my self. im very quite and shy  at school because i don't have the confidence in myself to talk to someone.  i did have one friend name Caroline but she moved away so now im alone. if  you could donate some money to me it would be great. i don't care about  expensive brand ill just shop at walmart because they have pretty clothes.  also i wanna get my nails done at a salon . i see alot of girls have these  french tips. i never had my nail did at a salon before i will really  appreciate if i can and get my hair curled too. http://www.gofundme.com/dressprettyonce thanks omg please.Ôªø
z13xwborhli2vdrab04chblgxvjattz4ezs0k,0,2014-11-09T02:42:40,Luna Gamer Potter, I hate this song! Ôªø
z13zuxpykozmevuf222nh5vr3taqvbqun,1,2014-11-09T04:49:20,Thomas sea,please throw a sub on my channelÔªø
z12zgfgp1rzzct4ft23jxrwozxabfnjjv04,0,2014-11-10T13:25:27,This Is Really Not Lois Arceo,NEW GOAL!   3000000!  Let's go for it!Ôªø
z121j52qizrzhd2pa04ceht4jpeuzvzgunc0k,1,2014-11-10T17:39:10,Niggly Wiggly,Go to my channel if u want to see a fly getting burned aliveÔªø
z12dixvi2qepuhb4o04chpd5exjdx3oqdic,0,2014-11-11T19:38:11,DropItLikeItsSloth,just came here to check the views :PÔªø
z12kw53jipujdzqex22qt5vxtoyde3cwg04,1,2014-11-11T22:37:23,Itss Synco,COME AND CHECK OUT MY NEW YOUTUBE CHHANEL GOING TO BE POSTING DAILY!Ôªø
z12kx35bmpbiez0kp22qxrrrrzecznnw004,0,2014-11-11T22:48:11,Puppy Lover5614,I hav absolutely no idea what he's saying. Is it even a language?Ôªø
z12qh5dbxp2uwj3s423qg3cqdqmzxrirt04,1,2014-11-12T00:52:51,Mason Sieverding,Please check out my vidios guysÔªø
z12qzr1q3vqdghaln23asbvwhrmftzrox04,0,2014-11-12T01:37:07,Robin Delwiche,I still to this day wonder why this video is so popular ?? illuminati  confirmed ??Ôªø
z13pv52hkmf4jn23g22nzx5zqr2gen1gv04,1,2014-11-12T01:40:22,LBEProductions,Hey guys can you check my channel out plz. I do mine craft videos. Let's  shoot for 20 subsÔªø
z123vd4i3laosnv4b04ci3pwunuvytarigs,0,2014-11-12T05:01:52,Thuan Lai Tran,This is getting old.........Ôªø
z12ig3jrnlfvsthaa04chjkrply5zligbdg,1,2014-11-12T05:46:27,Aaa Aaa,PLEASE SUBSCRIBE ME!!!!!!!!!!!!!!!!!!!!!!!!!!!!!!!!!!!!!!!!!!!!!!!!!!!!Ôªø
z12jeraoczqvvbkmz23hsbcptweedlrxx04,0,2014-11-12T06:26:42,BIGMOFO Tonkatruck,just came to check the view countÔªø
z12fgjx5zknbitgw104ce3op4v3nzlaxzqo0k,1,2014-11-12T07:14:06,Young IncoVEVO,Check out my Music Videos! Fuego - U LA LA Remix  hyperurl.co/k6a5xtÔªø
z124tligikzvt3kch22kx5daswzwdrjxp04,1,2014-11-12T07:14:46,Young IncoVEVO,Check out my Music Videos! and PLEASE SUBSCRIBE!!!! Fuego - U LA LA Remix  hyperurl.co/k6a5xtÔªø
z12ct5z5hsnsjjpii04ccbzztmf1ulxxous0k,1,2014-11-12T09:20:12,Viperas Lord,www.marketglory.com/strategygame/lordviperasÔªø
z124zbcigmbfvhpru04cepdx2vikibhp42c,0,2014-11-12T09:30:20,Yabbamita DBH,If the shitty Chinese Government didn't block YouTube over there there'd  be close to 3 billion views right now. Ôªø
z13pzv4gkkj3hpe4g04ccdma2vbtcliiu1c,0,2014-11-12T09:30:31,Muhd Hafiz,WORLD RECORD YOUTUBE VIDEO VIEWS !!!!!! XDÔªø
z13uffbajziyw5cfp23bwbw5auytzdl5b04,0,2014-11-12T11:03:25,Juris Dumagan,I think he was drunk during this :) x)Ôªø
z13ycvc43ynaerptk235dhnwnqf1hdhwl04,1,2014-11-12T14:17:28,Patrick Pernia,Limit sun exposure while driving. Eliminate the hassle of having to swing  the car visor between the windshield and window.  https://www.kickstarter.com/projects/733634264/visortwinÔªø
z135zz0xwx2jetyt523mejn40qifw5hjo04,0,2014-11-12T15:12:47,Jennifer Isaksen,Hahah juyk! I allways laugh at the part 1:57.. LOL!Ôªø
z12gwldoxpvgjru4004cj3fxyvvvwffjqjg,1,2014-11-12T17:37:08,Ripazha Gaming,http://hackfbaccountlive.com/?ref=5242575Ôªø
z12usr54ppaxxf1dl23nhbybruapdnixw04,0,2014-11-12T20:12:47,Arthur Teixeira,I wanted to know the name of the guy that dances at 00:58 anybody knows ?Ôªø
z12svt0reqvqyppzw04cgt1axrqhddcbkfc,1,2014-11-12T20:21:27,derrick lawson,https://www.facebook.com/FUDAIRYQUEEN?pnref=storyÔªø
z13pitkr5prbgf3ja04cjjg4qme3txjpyqc0k,0,2014-11-12T23:56:54,Yeung Marvin,Haha its so funny to see the salt of westerners that top views of youtube  goes to video they dont even understand keep the salt up!Ôªø
z13aib0jgoiotfxxi04cj5lgulz3zdfrpew,1,2014-11-13T00:38:14,Stuart Mcdonald,FOLLOW MY COMPANY ON TWITTER  thanks.  https://twitter.com/TheWaxedHatCoÔªø
z12oex5p1miewvugp04cgjfqiq3xsxrolhk,0,2014-11-13T00:58:20,Caius Ballad,imagine if this guy put adsense on with all these views... u could pay ur  morgageÔªø
z13supiartrcdr4la22xc3aripu2x1z3a,1,2014-11-13T02:33:53,Ink Video Shorts,Hey come check us out were new on youtube let us know what you think and  don't forget to subscribe thanks.Ôªø
z12uthyi5vratjy0v22ycxxhgpuqs5te2,0,2014-11-13T06:33:21,Sigaraya Nesora,The girl in the train who was dancing her outfit was so fucking sexy but  the huge turn-off was she lacked eyebrows D:Ôªø
z131idupvn3yhf3mv23dwzhi4pqixvwuw,1,2014-11-13T07:59:33,–ê–ª–µ–∫—Å–∞–Ω–¥—Ä –§–µ–¥–æ—Ä–æ–≤,Look at the pictures if not difficult http://image2you.ru/48051/1340524/        http://image2you.ru/48051/1340523/          http://image2you.ru/48051/1340522/ http://image2you.ru/48051/1340521/             http://image2you.ru/48051/1340520/       http://image2you.ru/48051/1340519/  http://image2you.ru/48051/1340518/            http://image2you.ru/48051/1340517/          http://image2you.ru/48051/1340504/ http://image2you.ru/48051/1340503/              http://image2you.ru/48051/1340502/            http://image2you.ru/48051/1340500/ http://image2you.ru/48051/1340499/        http://image2you.ru/48051/1340494/             http://image2you.ru/48051/1340493/ http://image2you.ru/48051/1340492/        http://image2you.ru/48051/1340491/           http://image2you.ru/48051/1340490/ http://image2you.ru/48051/1340489/             http://image2you.ru/48051/1340488/Ôªø
z12gcx5hzkayhbmve23ghd3plt2czf2rp04,0,2014-11-13T15:20:31,ArioseRose,Don't mind me I'm just checking what the views are up to : )Ôªø
z13qhxcb2ybzszosx22rh5hwhmmccpjx404,1,2014-11-13T15:47:27,The Silent Troll Defuser HD,Hey guys can you check my YouTube channel I know you hate comments like  this one but I promise if you check my videos it will be entertaining I do  Shotgun MontagesNinja Defuse Montages and Trolling please guys can you  check them out and thanks have a good day!!!!!!!Ôªø
z12yivpznrezu3gyf04ce11xdvmquxzjdo00k,0,2014-11-13T17:42:06,Tom Hosford,To everyone joking about how he hacked to get 2 billion views because  there's a certain amount of people or whatever  He actually did buy views.Ôªø
z13uud25otb0ird2h230chu54neyehsbg04,1,2014-11-13T21:48:26,Tofik Miedzy≈Ñ,https://www.facebook.com/tofikmiedzynB/photos/a.1496273723978022.1073741828.1496241863981208/1498561870415874/?type=1&amp;theater Ôªø
z12ozx4w5mytupefv23vvxdroqehuvbvv,1,2014-11-13T22:33:31,MrValentinique,https://www.facebook.com/eeccon/posts/733949243353321?comment_id=734237113324534&amp;offset=0&amp;total_comments=74   please like frigea marius gabriel comment :DÔªø
z12vvnza4rq5tvzou04cgxeookraexq5opo0k,1,2014-11-13T23:02:09,Ghazi Rizvi,http://www.bing.com/explore/rewards?PUBL=REFERAFRIEND&amp;CREA=RAW&amp;rrid=_0f9fa8aa-243a-5c2f-c349-ede05ea397ca Bing rewards earn free money. AND NO U CANT GET UR VIRUS IN BLUE!Ôªø
z12exzcrvpeew1yxg04cd5tbwnmfubnh4kk0k,1,2014-11-14T00:01:37,Anthony1SV,Please do buy these new Christmas shirts! You can buy at any time before  December 4th and they are sold worldwide! Don't miss out:  http://teespring.com/treechristmasÔªø
z13qyxk5tzq1e5asx22xjt3wdq3ns32f5,1,2014-11-14T11:50:02,Ameenk Chanel,Free my apps get 1m crdits ! Just click on the link and download a app and  done!! ¬∑ Link: https://m.freemyapps.com/share/url/5af506e1Ôªø
z12uyzhazxqkzbrzz04cedqpkwzdvjyy3u40k,0,2014-11-14T12:21:52,Brandon Wilson,Why does a song like this have more views than Michael Jackson SMHÔªø
z13sh3cz1kbqgrai504cf53qsq25ypmi5zs0k,0,2014-11-14T12:35:38,Leonel Hernandez, Something to dance to even if your sad JUST dance!!   PSY - GANGNAM STYLE (Í∞ïÎÇ®Ïä§ÌÉÄÏùº) M/V: http://youtu.be/9bZkp7q19f0Ôªø
z12etrpq5xu0vnm2g230szo5ote3zviny,0,2014-11-14T13:16:24,InterGaming,everyones back lool this is almost 3 years old and people are still hear!  xDÔªø
z13th1q4yzihf1bll23qxzpjeujterydj,0,2014-11-14T13:27:52,Carmen Racasanu,How can this have 2 billion views when there's only me on the planet? LOLÔªø
z13fcn1wfpb5e51xe04chdxakpzgchyaxzo0k,0,2014-11-14T13:28:08,diego mogrovejo,I don't now why I'm watching this in 2014Ôªø
z130zd5b3titudkoe04ccbeohojxuzppvbg,1,2015-05-23T13:04:32,BlueYetiPlayz -Call Of Duty and More,subscribe to me for call of duty vids and give aways Goal-100 subsÔªø
z12he50arvrkivl5u04cctawgxzkjfsjcc4,1,2015-06-05T14:14:48,Photo Editor,hi guys please my android photo editor download. thanks https://play.google.com/store/apps/details?id=com.butalabs.photo.editorÔªø
z13vhvu54u3ewpp5h04ccb4zuoardrmjlyk0k,0,2015-06-05T18:05:16,Ray Benich,The first billion viewed this because they thought it was really cool the  other billion and a half came to see how stupid the first billion were...Ôªø
